image_name;oiv;sporulation;densite_sporulation;necrose;surface_necrosee;taille_necrose;ligne;colonne;experiment;sheet
Exp22DM08_inoc1_T4_P01;7.0;1.0;7.0;0.0;;;a;1;Exp22DM08_inoc1_saisie;4dpi 
Exp22DM08_inoc1_T4_P01;7.0;1.0;7.0;1.0;9.0;7.0;b;1;Exp22DM08_inoc1_saisie;4dpi 
Exp22DM08_inoc1_T4_P01;7.0;1.0;5.0;1.0;9.0;9.0;c;1;Exp22DM08_inoc1_saisie;4dpi 
Exp22DM08_inoc1_T4_P01;7.0;1.0;9.0;1.0;9.0;9.0;a;2;Exp22DM08_inoc1_saisie;4dpi 
Exp22DM08_inoc1_T4_P01;9.0;0.0;;0.0;;;b;2;Exp22DM08_inoc1_saisie;4dpi 
Exp22DM08_inoc1_T4_P01;7.0;1.0;9.0;1.0;9.0;7.0;c;2;Exp22DM08_inoc1_saisie;4dpi 
Exp22DM08_inoc1_T4_P01;7.0;1.0;9.0;1.0;7.0;7.0;a;3;Exp22DM08_inoc1_saisie;4dpi 
Exp22DM08_inoc1_T4_P01;7.0;1.0;9.0;1.0;7.0;7.0;b;3;Exp22DM08_inoc1_saisie;4dpi 
Exp22DM08_inoc1_T4_P01;7.0;1.0;9.0;1.0;7.0;7.0;c;3;Exp22DM08_inoc1_saisie;4dpi 
Exp22DM08_inoc1_T4_P01;9.0;0.0;;1.0;7.0;9.0;a;4;Exp22DM08_inoc1_saisie;4dpi 
Exp22DM08_inoc1_T4_P01;9.0;0.0;;1.0;7.0;9.0;b;4;Exp22DM08_inoc1_saisie;4dpi 
Exp22DM08_inoc1_T4_P01;9.0;0.0;;1.0;7.0;7.0;c;4;Exp22DM08_inoc1_saisie;4dpi 
Exp22DM08_inoc1_T4_P02;9.0;0.0;;1.0;5.0;9.0;a;1;Exp22DM08_inoc1_saisie;4dpi 
Exp22DM08_inoc1_T4_P02;9.0;0.0;;1.0;5.0;9.0;b;1;Exp22DM08_inoc1_saisie;4dpi 
Exp22DM08_inoc1_T4_P02;9.0;0.0;;1.0;7.0;9.0;c;1;Exp22DM08_inoc1_saisie;4dpi 
Exp22DM08_inoc1_T4_P02;9.0;0.0;;1.0;9.0;9.0;a;2;Exp22DM08_inoc1_saisie;4dpi 
Exp22DM08_inoc1_T4_P02;9.0;0.0;;1.0;9.0;9.0;b;2;Exp22DM08_inoc1_saisie;4dpi 
Exp22DM08_inoc1_T4_P02;9.0;0.0;;1.0;9.0;7.0;c;2;Exp22DM08_inoc1_saisie;4dpi 
Exp22DM08_inoc1_T4_P02;5.0;1.0;7.0;0.0;;;a;3;Exp22DM08_inoc1_saisie;4dpi 
Exp22DM08_inoc1_T4_P02;7.0;1.0;7.0;1.0;9.0;5.0;b;3;Exp22DM08_inoc1_saisie;4dpi 
Exp22DM08_inoc1_T4_P02;5.0;1.0;7.0;1.0;9.0;7.0;c;3;Exp22DM08_inoc1_saisie;4dpi 
Exp22DM08_inoc1_T4_P02;9.0;0.0;;1.0;9.0;9.0;a;4;Exp22DM08_inoc1_saisie;4dpi 
Exp22DM08_inoc1_T4_P02;9.0;0.0;;1.0;9.0;7.0;b;4;Exp22DM08_inoc1_saisie;4dpi 
Exp22DM08_inoc1_T4_P02;9.0;0.0;;1.0;7.0;7.0;c;4;Exp22DM08_inoc1_saisie;4dpi 
Exp22DM08_inoc1_T4_P03;7.0;1.0;9.0;1.0;9.0;7.0;a;1;Exp22DM08_inoc1_saisie;4dpi 
Exp22DM08_inoc1_T4_P03;7.0;1.0;9.0;1.0;7.0;7.0;b;1;Exp22DM08_inoc1_saisie;4dpi 
Exp22DM08_inoc1_T4_P03;7.0;1.0;9.0;1.0;7.0;7.0;c;1;Exp22DM08_inoc1_saisie;4dpi 
Exp22DM08_inoc1_T4_P03;7.0;1.0;5.0;1.0;9.0;7.0;a;2;Exp22DM08_inoc1_saisie;4dpi 
Exp22DM08_inoc1_T4_P03;7.0;1.0;7.0;1.0;9.0;9.0;b;2;Exp22DM08_inoc1_saisie;4dpi 
Exp22DM08_inoc1_T4_P03;7.0;1.0;5.0;0.0;;;c;2;Exp22DM08_inoc1_saisie;4dpi 
Exp22DM08_inoc1_T4_P03;5.0;1.0;3.0;0.0;;;a;3;Exp22DM08_inoc1_saisie;4dpi 
Exp22DM08_inoc1_T4_P03;7.0;1.0;5.0;1.0;9.0;7.0;b;3;Exp22DM08_inoc1_saisie;4dpi 
Exp22DM08_inoc1_T4_P03;5.0;1.0;5.0;0.0;;;c;3;Exp22DM08_inoc1_saisie;4dpi 
Exp22DM08_inoc1_T4_P03;7.0;1.0;9.0;1.0;7.0;7.0;a;4;Exp22DM08_inoc1_saisie;4dpi 
Exp22DM08_inoc1_T4_P03;7.0;1.0;9.0;1.0;7.0;7.0;b;4;Exp22DM08_inoc1_saisie;4dpi 
Exp22DM08_inoc1_T4_P03;7.0;1.0;9.0;1.0;7.0;7.0;c;4;Exp22DM08_inoc1_saisie;4dpi 
Exp22DM08_inoc1_T4_P04;9.0;0.0;;1.0;7.0;9.0;a;1;Exp22DM08_inoc1_saisie;4dpi 
Exp22DM08_inoc1_T4_P04;9.0;0.0;;1.0;5.0;9.0;b;1;Exp22DM08_inoc1_saisie;4dpi 
Exp22DM08_inoc1_T4_P04;9.0;0.0;;1.0;9.0;9.0;c;1;Exp22DM08_inoc1_saisie;4dpi 
Exp22DM08_inoc1_T4_P04;9.0;0.0;;1.0;3.0;9.0;a;2;Exp22DM08_inoc1_saisie;4dpi 
Exp22DM08_inoc1_T4_P04;9.0;0.0;;1.0;7.0;9.0;b;2;Exp22DM08_inoc1_saisie;4dpi 
Exp22DM08_inoc1_T4_P04;9.0;0.0;;1.0;7.0;9.0;c;2;Exp22DM08_inoc1_saisie;4dpi 
Exp22DM08_inoc1_T4_P04;9.0;0.0;;0.0;;;a;3;Exp22DM08_inoc1_saisie;4dpi 
Exp22DM08_inoc1_T4_P04;7.0;1.0;9.0;1.0;9.0;9.0;b;3;Exp22DM08_inoc1_saisie;4dpi 
Exp22DM08_inoc1_T4_P04;9.0;0.0;;0.0;;;c;3;Exp22DM08_inoc1_saisie;4dpi 
Exp22DM08_inoc1_T4_P04;5.0;1.0;7.0;1.0;9.0;9.0;a;4;Exp22DM08_inoc1_saisie;4dpi 
Exp22DM08_inoc1_T4_P04;7.0;1.0;7.0;1.0;9.0;7.0;b;4;Exp22DM08_inoc1_saisie;4dpi 
Exp22DM08_inoc1_T4_P04;7.0;1.0;7.0;1.0;9.0;9.0;c;4;Exp22DM08_inoc1_saisie;4dpi 
Exp22DM08_inoc1_T4_P05;5.0;1.0;7.0;0.0;;;a;1;Exp22DM08_inoc1_saisie;4dpi 
Exp22DM08_inoc1_T4_P05;5.0;1.0;7.0;1.0;9.0;7.0;b;1;Exp22DM08_inoc1_saisie;4dpi 
Exp22DM08_inoc1_T4_P05;7.0;1.0;7.0;1.0;9.0;7.0;c;1;Exp22DM08_inoc1_saisie;4dpi 
Exp22DM08_inoc1_T4_P05;7.0;1.0;9.0;1.0;9.0;7.0;a;2;Exp22DM08_inoc1_saisie;4dpi 
Exp22DM08_inoc1_T4_P05;7.0;1.0;9.0;1.0;5.0;7.0;b;2;Exp22DM08_inoc1_saisie;4dpi 
Exp22DM08_inoc1_T4_P05;7.0;1.0;9.0;1.0;5.0;7.0;c;2;Exp22DM08_inoc1_saisie;4dpi 
Exp22DM08_inoc1_T4_P05;5.0;1.0;5.0;0.0;;;a;3;Exp22DM08_inoc1_saisie;4dpi 
Exp22DM08_inoc1_T4_P05;5.0;1.0;5.0;0.0;;;b;3;Exp22DM08_inoc1_saisie;4dpi 
Exp22DM08_inoc1_T4_P05;3.0;1.0;3.0;0.0;;;c;3;Exp22DM08_inoc1_saisie;4dpi 
Exp22DM08_inoc1_T4_P05;7.0;1.0;9.0;1.0;9.0;9.0;a;4;Exp22DM08_inoc1_saisie;4dpi 
Exp22DM08_inoc1_T4_P05;7.0;1.0;9.0;1.0;9.0;7.0;b;4;Exp22DM08_inoc1_saisie;4dpi 
Exp22DM08_inoc1_T4_P05;7.0;1.0;7.0;1.0;9.0;7.0;c;4;Exp22DM08_inoc1_saisie;4dpi 
Exp22DM08_inoc1_T4_P06;7.0;1.0;9.0;1.0;9.0;9.0;a;1;Exp22DM08_inoc1_saisie;4dpi 
Exp22DM08_inoc1_T4_P06;7.0;1.0;9.0;1.0;7.0;9.0;b;1;Exp22DM08_inoc1_saisie;4dpi 
Exp22DM08_inoc1_T4_P06;7.0;1.0;9.0;1.0;7.0;9.0;c;1;Exp22DM08_inoc1_saisie;4dpi 
Exp22DM08_inoc1_T4_P06;9.0;0.0;;1.0;9.0;9.0;a;2;Exp22DM08_inoc1_saisie;4dpi 
Exp22DM08_inoc1_T4_P06;9.0;0.0;;1.0;9.0;7.0;b;2;Exp22DM08_inoc1_saisie;4dpi 
Exp22DM08_inoc1_T4_P06;9.0;0.0;;1.0;9.0;7.0;c;2;Exp22DM08_inoc1_saisie;4dpi 
Exp22DM08_inoc1_T4_P06;9.0;0.0;;1.0;5.0;9.0;a;3;Exp22DM08_inoc1_saisie;4dpi 
Exp22DM08_inoc1_T4_P06;9.0;0.0;;1.0;7.0;9.0;b;3;Exp22DM08_inoc1_saisie;4dpi 
Exp22DM08_inoc1_T4_P06;9.0;0.0;;1.0;7.0;9.0;c;3;Exp22DM08_inoc1_saisie;4dpi 
Exp22DM08_inoc1_T4_P06;7.0;1.0;7.0;0.0;;;a;4;Exp22DM08_inoc1_saisie;4dpi 
Exp22DM08_inoc1_T4_P06;7.0;1.0;7.0;0.0;;;b;4;Exp22DM08_inoc1_saisie;4dpi 
Exp22DM08_inoc1_T4_P06;7.0;1.0;7.0;1.0;9.0;7.0;c;4;Exp22DM08_inoc1_saisie;4dpi 
Exp22DM08_inoc1_T4_P07;7.0;1.0;7.0;1.0;7.0;7.0;a;1;Exp22DM08_inoc1_saisie;4dpi 
Exp22DM08_inoc1_T4_P07;5.0;1.0;7.0;1.0;7.0;7.0;b;1;Exp22DM08_inoc1_saisie;4dpi 
Exp22DM08_inoc1_T4_P07;5.0;1.0;7.0;1.0;7.0;7.0;c;1;Exp22DM08_inoc1_saisie;4dpi 
Exp22DM08_inoc1_T4_P07;5.0;1.0;7.0;0.0;;;a;2;Exp22DM08_inoc1_saisie;4dpi 
Exp22DM08_inoc1_T4_P07;3.0;1.0;7.0;0.0;;;b;2;Exp22DM08_inoc1_saisie;4dpi 
Exp22DM08_inoc1_T4_P07;7.0;1.0;7.0;1.0;9.0;7.0;c;2;Exp22DM08_inoc1_saisie;4dpi 
Exp22DM08_inoc1_T4_P07;9.0;0.0;;1.0;5.0;7.0;a;3;Exp22DM08_inoc1_saisie;4dpi 
Exp22DM08_inoc1_T4_P07;9.0;0.0;;1.0;7.0;7.0;b;3;Exp22DM08_inoc1_saisie;4dpi 
Exp22DM08_inoc1_T4_P07;9.0;0.0;;1.0;7.0;7.0;c;3;Exp22DM08_inoc1_saisie;4dpi 
Exp22DM08_inoc1_T4_P07;7.0;1.0;9.0;0.0;;;a;4;Exp22DM08_inoc1_saisie;4dpi 
Exp22DM08_inoc1_T4_P07;9.0;0.0;;0.0;;;b;4;Exp22DM08_inoc1_saisie;4dpi 
Exp22DM08_inoc1_T4_P07;9.0;0.0;;1.0;9.0;7.0;c;4;Exp22DM08_inoc1_saisie;4dpi 
Exp22DM08_inoc1_T4_P08;7.0;1.0;7.0;1.0;5.0;5.0;a;1;Exp22DM08_inoc1_saisie;4dpi 
Exp22DM08_inoc1_T4_P08;7.0;1.0;7.0;1.0;5.0;5.0;b;1;Exp22DM08_inoc1_saisie;4dpi 
Exp22DM08_inoc1_T4_P08;7.0;1.0;7.0;1.0;5.0;5.0;c;1;Exp22DM08_inoc1_saisie;4dpi 
Exp22DM08_inoc1_T4_P08;9.0;0.0;;1.0;5.0;7.0;a;2;Exp22DM08_inoc1_saisie;4dpi 
Exp22DM08_inoc1_T4_P08;9.0;0.0;;1.0;7.0;7.0;b;2;Exp22DM08_inoc1_saisie;4dpi 
Exp22DM08_inoc1_T4_P08;9.0;0.0;;1.0;7.0;5.0;c;2;Exp22DM08_inoc1_saisie;4dpi 
Exp22DM08_inoc1_T4_P08;7.0;1.0;5.0;1.0;9.0;5.0;a;3;Exp22DM08_inoc1_saisie;4dpi 
Exp22DM08_inoc1_T4_P08;5.0;1.0;7.0;1.0;9.0;9.0;b;3;Exp22DM08_inoc1_saisie;4dpi 
Exp22DM08_inoc1_T4_P08;7.0;1.0;7.0;1.0;9.0;7.0;c;3;Exp22DM08_inoc1_saisie;4dpi 
Exp22DM08_inoc1_T4_P08;9.0;0.0;;0.0;;;a;4;Exp22DM08_inoc1_saisie;4dpi 
Exp22DM08_inoc1_T4_P08;9.0;0.0;;0.0;;;b;4;Exp22DM08_inoc1_saisie;4dpi 
Exp22DM08_inoc1_T4_P08;9.0;0.0;;0.0;;;c;4;Exp22DM08_inoc1_saisie;4dpi 
Exp22DM08_inoc1_T4_P09;9.0;0.0;;1.0;5.0;9.0;a;1;Exp22DM08_inoc1_saisie;4dpi 
Exp22DM08_inoc1_T4_P09;9.0;0.0;;1.0;7.0;9.0;b;1;Exp22DM08_inoc1_saisie;4dpi 
Exp22DM08_inoc1_T4_P09;9.0;0.0;;1.0;5.0;9.0;c;1;Exp22DM08_inoc1_saisie;4dpi 
Exp22DM08_inoc1_T4_P09;3.0;1.0;7.0;0.0;;;a;2;Exp22DM08_inoc1_saisie;4dpi 
Exp22DM08_inoc1_T4_P09;5.0;1.0;7.0;0.0;;;b;2;Exp22DM08_inoc1_saisie;4dpi 
Exp22DM08_inoc1_T4_P09;5.0;1.0;7.0;1.0;7.0;9.0;c;2;Exp22DM08_inoc1_saisie;4dpi 
Exp22DM08_inoc1_T4_P09;9.0;0.0;;1.0;9.0;9.0;a;3;Exp22DM08_inoc1_saisie;4dpi 
Exp22DM08_inoc1_T4_P09;9.0;0.0;;1.0;9.0;9.0;b;3;Exp22DM08_inoc1_saisie;4dpi 
Exp22DM08_inoc1_T4_P09;9.0;0.0;;1.0;7.0;9.0;c;3;Exp22DM08_inoc1_saisie;4dpi 
Exp22DM08_inoc1_T4_P09;9.0;0.0;;1.0;7.0;9.0;a;4;Exp22DM08_inoc1_saisie;4dpi 
Exp22DM08_inoc1_T4_P09;9.0;0.0;;1.0;5.0;7.0;b;4;Exp22DM08_inoc1_saisie;4dpi 
Exp22DM08_inoc1_T4_P09;9.0;0.0;;1.0;7.0;7.0;c;4;Exp22DM08_inoc1_saisie;4dpi 
Exp22DM08_inoc1_T4_P10;7.0;1.0;7.0;1.0;5.0;7.0;a;1;Exp22DM08_inoc1_saisie;4dpi 
Exp22DM08_inoc1_T4_P10;7.0;1.0;7.0;1.0;7.0;7.0;b;1;Exp22DM08_inoc1_saisie;4dpi 
Exp22DM08_inoc1_T4_P10;7.0;1.0;7.0;1.0;7.0;7.0;c;1;Exp22DM08_inoc1_saisie;4dpi 
Exp22DM08_inoc1_T4_P10;9.0;0.0;;0.0;;;a;2;Exp22DM08_inoc1_saisie;4dpi 
Exp22DM08_inoc1_T4_P10;9.0;0.0;;1.0;9.0;5.0;b;2;Exp22DM08_inoc1_saisie;4dpi 
Exp22DM08_inoc1_T4_P10;9.0;0.0;;1.0;9.0;5.0;c;2;Exp22DM08_inoc1_saisie;4dpi 
Exp22DM08_inoc1_T4_P10;9.0;0.0;;1.0;7.0;5.0;a;3;Exp22DM08_inoc1_saisie;4dpi 
Exp22DM08_inoc1_T4_P10;7.0;1.0;9.0;1.0;5.0;5.0;b;3;Exp22DM08_inoc1_saisie;4dpi 
Exp22DM08_inoc1_T4_P10;7.0;1.0;9.0;1.0;7.0;7.0;c;3;Exp22DM08_inoc1_saisie;4dpi 
Exp22DM08_inoc1_T4_P10;5.0;1.0;3.0;0.0;;;a;4;Exp22DM08_inoc1_saisie;4dpi 
Exp22DM08_inoc1_T4_P10;3.0;1.0;3.0;0.0;;;b;4;Exp22DM08_inoc1_saisie;4dpi 
Exp22DM08_inoc1_T4_P10;3.0;1.0;3.0;1.0;9.0;5.0;c;4;Exp22DM08_inoc1_saisie;4dpi 
Exp22DM08_inoc1_T4_P11;7.0;1.0;9.0;1.0;9.0;9.0;a;1;Exp22DM08_inoc1_saisie;4dpi 
Exp22DM08_inoc1_T4_P11;7.0;1.0;9.0;1.0;5.0;7.0;b;1;Exp22DM08_inoc1_saisie;4dpi 
Exp22DM08_inoc1_T4_P11;7.0;1.0;9.0;1.0;5.0;9.0;c;1;Exp22DM08_inoc1_saisie;4dpi 
Exp22DM08_inoc1_T4_P11;9.0;0.0;;1.0;7.0;7.0;a;2;Exp22DM08_inoc1_saisie;4dpi 
Exp22DM08_inoc1_T4_P11;7.0;1.0;7.0;1.0;7.0;7.0;b;2;Exp22DM08_inoc1_saisie;4dpi 
Exp22DM08_inoc1_T4_P11;7.0;1.0;9.0;1.0;9.0;7.0;c;2;Exp22DM08_inoc1_saisie;4dpi 
Exp22DM08_inoc1_T4_P11;7.0;1.0;9.0;1.0;7.0;9.0;a;3;Exp22DM08_inoc1_saisie;4dpi 
Exp22DM08_inoc1_T4_P11;7.0;1.0;9.0;1.0;7.0;7.0;b;3;Exp22DM08_inoc1_saisie;4dpi 
Exp22DM08_inoc1_T4_P11;7.0;1.0;9.0;1.0;7.0;7.0;c;3;Exp22DM08_inoc1_saisie;4dpi 
Exp22DM08_inoc1_T4_P11;7.0;1.0;7.0;0.0;;;a;4;Exp22DM08_inoc1_saisie;4dpi 
Exp22DM08_inoc1_T4_P11;7.0;1.0;7.0;0.0;;;b;4;Exp22DM08_inoc1_saisie;4dpi 
Exp22DM08_inoc1_T4_P11;7.0;1.0;7.0;1.0;7.0;7.0;c;4;Exp22DM08_inoc1_saisie;4dpi 
Exp22DM08_inoc1_T4_P12;9.0;0.0;;1.0;5.0;7.0;a;1;Exp22DM08_inoc1_saisie;4dpi 
Exp22DM08_inoc1_T4_P12;9.0;0.0;;1.0;5.0;7.0;b;1;Exp22DM08_inoc1_saisie;4dpi 
Exp22DM08_inoc1_T4_P12;9.0;0.0;;1.0;7.0;7.0;c;1;Exp22DM08_inoc1_saisie;4dpi 
Exp22DM08_inoc1_T4_P12;3.0;1.0;7.0;0.0;;;a;2;Exp22DM08_inoc1_saisie;4dpi 
Exp22DM08_inoc1_T4_P12;3.0;1.0;5.0;0.0;;;b;2;Exp22DM08_inoc1_saisie;4dpi 
Exp22DM08_inoc1_T4_P12;3.0;1.0;7.0;0.0;;;c;2;Exp22DM08_inoc1_saisie;4dpi 
Exp22DM08_inoc1_T4_P12;3.0;1.0;1.0;0.0;;;a;3;Exp22DM08_inoc1_saisie;4dpi 
Exp22DM08_inoc1_T4_P12;3.0;1.0;1.0;0.0;;;b;3;Exp22DM08_inoc1_saisie;4dpi 
Exp22DM08_inoc1_T4_P12;5.0;1.0;1.0;0.0;;;c;3;Exp22DM08_inoc1_saisie;4dpi 
Exp22DM08_inoc1_T4_P12;9.0;0.0;;1.0;7.0;9.0;a;4;Exp22DM08_inoc1_saisie;4dpi 
Exp22DM08_inoc1_T4_P12;9.0;0.0;;1.0;5.0;9.0;b;4;Exp22DM08_inoc1_saisie;4dpi 
Exp22DM08_inoc1_T4_P12;9.0;0.0;;1.0;9.0;9.0;c;4;Exp22DM08_inoc1_saisie;4dpi 
Exp22DM08_inoc1_T4_P13;9.0;0.0;;1.0;7.0;9.0;a;1;Exp22DM08_inoc1_saisie;4dpi 
Exp22DM08_inoc1_T4_P13;9.0;0.0;;1.0;7.0;7.0;b;1;Exp22DM08_inoc1_saisie;4dpi 
Exp22DM08_inoc1_T4_P13;7.0;1.0;9.0;1.0;7.0;9.0;c;1;Exp22DM08_inoc1_saisie;4dpi 
Exp22DM08_inoc1_T4_P13;9.0;0.0;;1.0;3.0;7.0;a;2;Exp22DM08_inoc1_saisie;4dpi 
Exp22DM08_inoc1_T4_P13;9.0;0.0;;1.0;3.0;7.0;b;2;Exp22DM08_inoc1_saisie;4dpi 
Exp22DM08_inoc1_T4_P13;7.0;1.0;9.0;1.0;7.0;9.0;c;2;Exp22DM08_inoc1_saisie;4dpi 
Exp22DM08_inoc1_T4_P13;9.0;0.0;;1.0;9.0;7.0;a;3;Exp22DM08_inoc1_saisie;4dpi 
Exp22DM08_inoc1_T4_P13;9.0;0.0;;1.0;7.0;7.0;b;3;Exp22DM08_inoc1_saisie;4dpi 
Exp22DM08_inoc1_T4_P13;9.0;0.0;;1.0;5.0;7.0;c;3;Exp22DM08_inoc1_saisie;4dpi 
Exp22DM08_inoc1_T4_P13;7.0;1.0;7.0;1.0;7.0;7.0;a;4;Exp22DM08_inoc1_saisie;4dpi 
Exp22DM08_inoc1_T4_P13;7.0;1.0;7.0;1.0;7.0;7.0;b;4;Exp22DM08_inoc1_saisie;4dpi 
Exp22DM08_inoc1_T4_P13;7.0;1.0;7.0;1.0;7.0;9.0;c;4;Exp22DM08_inoc1_saisie;4dpi 
Exp22DM08_inoc1_T4_P14;7.0;1.0;1.0;0.0;;;a;1;Exp22DM08_inoc1_saisie;4dpi 
Exp22DM08_inoc1_T4_P14;3.0;1.0;1.0;0.0;;;b;1;Exp22DM08_inoc1_saisie;4dpi 
Exp22DM08_inoc1_T4_P14;3.0;1.0;1.0;0.0;;;c;1;Exp22DM08_inoc1_saisie;4dpi 
Exp22DM08_inoc1_T4_P14;3.0;1.0;1.0;0.0;;;a;2;Exp22DM08_inoc1_saisie;4dpi 
Exp22DM08_inoc1_T4_P14;3.0;1.0;5.0;0.0;;;b;2;Exp22DM08_inoc1_saisie;4dpi 
Exp22DM08_inoc1_T4_P14;3.0;1.0;1.0;0.0;;;c;2;Exp22DM08_inoc1_saisie;4dpi 
Exp22DM08_inoc1_T4_P14;9.0;0.0;;1.0;9.0;9.0;a;3;Exp22DM08_inoc1_saisie;4dpi 
Exp22DM08_inoc1_T4_P14;9.0;0.0;;1.0;9.0;9.0;b;3;Exp22DM08_inoc1_saisie;4dpi 
Exp22DM08_inoc1_T4_P14;9.0;0.0;;1.0;9.0;9.0;c;3;Exp22DM08_inoc1_saisie;4dpi 
Exp22DM08_inoc1_T4_P14;7.0;1.0;9.0;1.0;5.0;7.0;a;4;Exp22DM08_inoc1_saisie;4dpi 
Exp22DM08_inoc1_T4_P14;7.0;1.0;9.0;1.0;7.0;7.0;b;4;Exp22DM08_inoc1_saisie;4dpi 
Exp22DM08_inoc1_T4_P14;7.0;1.0;9.0;1.0;7.0;7.0;c;4;Exp22DM08_inoc1_saisie;4dpi 
Exp22DM08_inoc1_T4_P15;7.0;1.0;9.0;1.0;9.0;9.0;a;1;Exp22DM08_inoc1_saisie;4dpi 
Exp22DM08_inoc1_T4_P15;7.0;1.0;9.0;1.0;7.0;9.0;b;1;Exp22DM08_inoc1_saisie;4dpi 
Exp22DM08_inoc1_T4_P15;7.0;1.0;9.0;1.0;7.0;9.0;c;1;Exp22DM08_inoc1_saisie;4dpi 
Exp22DM08_inoc1_T4_P15;9.0;0.0;;1.0;9.0;7.0;a;2;Exp22DM08_inoc1_saisie;4dpi 
Exp22DM08_inoc1_T4_P15;7.0;1.0;9.0;1.0;9.0;9.0;b;2;Exp22DM08_inoc1_saisie;4dpi 
Exp22DM08_inoc1_T4_P15;9.0;0.0;;1.0;7.0;9.0;c;2;Exp22DM08_inoc1_saisie;4dpi 
Exp22DM08_inoc1_T4_P15;7.0;1.0;7.0;1.0;7.0;5.0;a;3;Exp22DM08_inoc1_saisie;4dpi 
Exp22DM08_inoc1_T4_P15;5.0;1.0;7.0;1.0;7.0;7.0;b;3;Exp22DM08_inoc1_saisie;4dpi 
Exp22DM08_inoc1_T4_P15;5.0;1.0;7.0;0.0;;;c;3;Exp22DM08_inoc1_saisie;4dpi 
Exp22DM08_inoc1_T4_P15;5.0;1.0;7.0;1.0;9.0;9.0;a;4;Exp22DM08_inoc1_saisie;4dpi 
Exp22DM08_inoc1_T4_P15;5.0;1.0;7.0;0.0;;;b;4;Exp22DM08_inoc1_saisie;4dpi 
Exp22DM08_inoc1_T4_P15;5.0;1.0;7.0;0.0;;;c;4;Exp22DM08_inoc1_saisie;4dpi 
Exp22DM08_inoc1_T4_P16;7.0;1.0;7.0;0.0;;;a;1;Exp22DM08_inoc1_saisie;4dpi 
Exp22DM08_inoc1_T4_P16;7.0;1.0;5.0;0.0;;;b;1;Exp22DM08_inoc1_saisie;4dpi 
Exp22DM08_inoc1_T4_P16;7.0;1.0;5.0;0.0;;;c;1;Exp22DM08_inoc1_saisie;4dpi 
Exp22DM08_inoc1_T4_P16;7.0;1.0;7.0;1.0;9.0;9.0;a;2;Exp22DM08_inoc1_saisie;4dpi 
Exp22DM08_inoc1_T4_P16;7.0;1.0;7.0;1.0;7.0;5.0;b;2;Exp22DM08_inoc1_saisie;4dpi 
Exp22DM08_inoc1_T4_P16;7.0;1.0;7.0;1.0;9.0;5.0;c;2;Exp22DM08_inoc1_saisie;4dpi 
Exp22DM08_inoc1_T4_P16;7.0;1.0;3.0;0.0;;;a;3;Exp22DM08_inoc1_saisie;4dpi 
Exp22DM08_inoc1_T4_P16;7.0;1.0;3.0;0.0;;;b;3;Exp22DM08_inoc1_saisie;4dpi 
Exp22DM08_inoc1_T4_P16;7.0;1.0;3.0;0.0;;;c;3;Exp22DM08_inoc1_saisie;4dpi 
Exp22DM08_inoc1_T4_P16;9.0;0.0;;1.0;9.0;5.0;a;4;Exp22DM08_inoc1_saisie;4dpi 
Exp22DM08_inoc1_T4_P16;7.0;1.0;9.0;1.0;7.0;5.0;b;4;Exp22DM08_inoc1_saisie;4dpi 
Exp22DM08_inoc1_T4_P16;9.0;0.0;;1.0;7.0;5.0;c;4;Exp22DM08_inoc1_saisie;4dpi 
Exp22DM08_inoc1_T4_P17;5.0;1.0;1.0;0.0;;;a;1;Exp22DM08_inoc1_saisie;4dpi 
Exp22DM08_inoc1_T4_P17;3.0;1.0;1.0;0.0;;;b;1;Exp22DM08_inoc1_saisie;4dpi 
Exp22DM08_inoc1_T4_P17;3.0;1.0;1.0;0.0;;;c;1;Exp22DM08_inoc1_saisie;4dpi 
Exp22DM08_inoc1_T4_P17;9.0;0.0;;1.0;7.0;9.0;a;2;Exp22DM08_inoc1_saisie;4dpi 
Exp22DM08_inoc1_T4_P17;9.0;0.0;;1.0;7.0;7.0;b;2;Exp22DM08_inoc1_saisie;4dpi 
Exp22DM08_inoc1_T4_P17;9.0;0.0;;1.0;9.0;7.0;c;2;Exp22DM08_inoc1_saisie;4dpi 
Exp22DM08_inoc1_T4_P17;5.0;1.0;1.0;0.0;;;a;3;Exp22DM08_inoc1_saisie;4dpi 
Exp22DM08_inoc1_T4_P17;5.0;1.0;3.0;0.0;;;b;3;Exp22DM08_inoc1_saisie;4dpi 
Exp22DM08_inoc1_T4_P17;5.0;1.0;1.0;0.0;;;c;3;Exp22DM08_inoc1_saisie;4dpi 
Exp22DM08_inoc1_T4_P17;9.0;0.0;;0.0;;;a;4;Exp22DM08_inoc1_saisie;4dpi 
Exp22DM08_inoc1_T4_P17;9.0;0.0;;1.0;9.0;5.0;b;4;Exp22DM08_inoc1_saisie;4dpi 
Exp22DM08_inoc1_T4_P17;9.0;0.0;;1.0;7.0;7.0;c;4;Exp22DM08_inoc1_saisie;4dpi 
Exp22DM08_inoc1_T4_P18;7.0;1.0;9.0;1.0;3.0;9.0;a;1;Exp22DM08_inoc1_saisie;4dpi 
Exp22DM08_inoc1_T4_P18;7.0;1.0;9.0;1.0;3.0;9.0;b;1;Exp22DM08_inoc1_saisie;4dpi 
Exp22DM08_inoc1_T4_P18;7.0;1.0;9.0;1.0;3.0;7.0;c;1;Exp22DM08_inoc1_saisie;4dpi 
Exp22DM08_inoc1_T4_P18;7.0;1.0;9.0;1.0;3.0;5.0;a;2;Exp22DM08_inoc1_saisie;4dpi 
Exp22DM08_inoc1_T4_P18;9.0;0.0;;1.0;5.0;7.0;b;2;Exp22DM08_inoc1_saisie;4dpi 
Exp22DM08_inoc1_T4_P18;9.0;0.0;;1.0;3.0;3.0;c;2;Exp22DM08_inoc1_saisie;4dpi 
Exp22DM08_inoc1_T4_P18;7.0;1.0;9.0;1.0;5.0;9.0;a;3;Exp22DM08_inoc1_saisie;4dpi 
Exp22DM08_inoc1_T4_P18;7.0;1.0;9.0;1.0;5.0;7.0;b;3;Exp22DM08_inoc1_saisie;4dpi 
Exp22DM08_inoc1_T4_P18;7.0;1.0;9.0;1.0;5.0;5.0;c;3;Exp22DM08_inoc1_saisie;4dpi 
Exp22DM08_inoc1_T4_P18;7.0;1.0;9.0;0.0;;;a;4;Exp22DM08_inoc1_saisie;4dpi 
Exp22DM08_inoc1_T4_P18;9.0;0.0;;0.0;;;b;4;Exp22DM08_inoc1_saisie;4dpi 
Exp22DM08_inoc1_T4_P18;9.0;0.0;;0.0;;;c;4;Exp22DM08_inoc1_saisie;4dpi 
Exp22DM08_inoc1_T4_P19;9.0;0.0;;1.0;7.0;9.0;a;1;Exp22DM08_inoc1_saisie;4dpi 
Exp22DM08_inoc1_T4_P19;9.0;0.0;;1.0;7.0;7.0;b;1;Exp22DM08_inoc1_saisie;4dpi 
Exp22DM08_inoc1_T4_P19;9.0;0.0;;1.0;5.0;7.0;c;1;Exp22DM08_inoc1_saisie;4dpi 
Exp22DM08_inoc1_T4_P19;9.0;0.0;;1.0;9.0;7.0;a;2;Exp22DM08_inoc1_saisie;4dpi 
Exp22DM08_inoc1_T4_P19;9.0;0.0;;1.0;9.0;9.0;b;2;Exp22DM08_inoc1_saisie;4dpi 
Exp22DM08_inoc1_T4_P19;9.0;0.0;;1.0;9.0;7.0;c;2;Exp22DM08_inoc1_saisie;4dpi 
Exp22DM08_inoc1_T4_P19;9.0;0.0;;1.0;3.0;5.0;a;3;Exp22DM08_inoc1_saisie;4dpi 
Exp22DM08_inoc1_T4_P19;9.0;0.0;;1.0;3.0;9.0;b;3;Exp22DM08_inoc1_saisie;4dpi 
Exp22DM08_inoc1_T4_P19;9.0;0.0;;1.0;3.0;9.0;c;3;Exp22DM08_inoc1_saisie;4dpi 
Exp22DM08_inoc1_T4_P19;9.0;0.0;;0.0;;;a;4;Exp22DM08_inoc1_saisie;4dpi 
Exp22DM08_inoc1_T4_P19;7.0;1.0;9.0;1.0;7.0;5.0;b;4;Exp22DM08_inoc1_saisie;4dpi 
Exp22DM08_inoc1_T4_P19;9.0;0.0;;1.0;9.0;5.0;c;4;Exp22DM08_inoc1_saisie;4dpi 
Exp22DM08_inoc1_T4_P20;7.0;1.0;1.0;1.0;9.0;5.0;a;1;Exp22DM08_inoc1_saisie;4dpi 
Exp22DM08_inoc1_T4_P20;5.0;1.0;1.0;0.0;;;b;1;Exp22DM08_inoc1_saisie;4dpi 
Exp22DM08_inoc1_T4_P20;5.0;1.0;1.0;0.0;;;c;1;Exp22DM08_inoc1_saisie;4dpi 
Exp22DM08_inoc1_T4_P20;7.0;1.0;1.0;1.0;5.0;7.0;a;2;Exp22DM08_inoc1_saisie;4dpi 
Exp22DM08_inoc1_T4_P20;9.0;0.0;;1.0;5.0;7.0;b;2;Exp22DM08_inoc1_saisie;4dpi 
Exp22DM08_inoc1_T4_P20;5.0;1.0;9.0;1.0;5.0;7.0;c;2;Exp22DM08_inoc1_saisie;4dpi 
Exp22DM08_inoc1_T4_P20;7.0;1.0;9.0;1.0;9.0;7.0;a;3;Exp22DM08_inoc1_saisie;4dpi 
Exp22DM08_inoc1_T4_P20;7.0;1.0;9.0;1.0;9.0;7.0;b;3;Exp22DM08_inoc1_saisie;4dpi 
Exp22DM08_inoc1_T4_P20;7.0;1.0;9.0;1.0;9.0;7.0;c;3;Exp22DM08_inoc1_saisie;4dpi 
Exp22DM08_inoc1_T4_P20;9.0;0.0;;0.0;;;a;4;Exp22DM08_inoc1_saisie;4dpi 
Exp22DM08_inoc1_T4_P20;7.0;1.0;9.0;1.0;7.0;9.0;b;4;Exp22DM08_inoc1_saisie;4dpi 
Exp22DM08_inoc1_T4_P20;7.0;1.0;9.0;0.0;;;c;4;Exp22DM08_inoc1_saisie;4dpi 
Exp22DM08_inoc1_T4_P21;7.0;1.0;9.0;1.0;7.0;5.0;a;1;Exp22DM08_inoc1_saisie;4dpi 
Exp22DM08_inoc1_T4_P21;7.0;1.0;9.0;1.0;5.0;7.0;b;1;Exp22DM08_inoc1_saisie;4dpi 
Exp22DM08_inoc1_T4_P21;7.0;1.0;9.0;1.0;5.0;7.0;c;1;Exp22DM08_inoc1_saisie;4dpi 
Exp22DM08_inoc1_T4_P21;7.0;1.0;9.0;1.0;5.0;7.0;a;2;Exp22DM08_inoc1_saisie;4dpi 
Exp22DM08_inoc1_T4_P21;9.0;0.0;;1.0;5.0;7.0;b;2;Exp22DM08_inoc1_saisie;4dpi 
Exp22DM08_inoc1_T4_P21;7.0;1.0;9.0;1.0;5.0;7.0;c;2;Exp22DM08_inoc1_saisie;4dpi 
Exp22DM08_inoc1_T4_P21;9.0;0.0;;1.0;5.0;5.0;a;3;Exp22DM08_inoc1_saisie;4dpi 
Exp22DM08_inoc1_T4_P21;5.0;1.0;9.0;1.0;3.0;5.0;b;3;Exp22DM08_inoc1_saisie;4dpi 
Exp22DM08_inoc1_T4_P21;7.0;1.0;7.0;1.0;5.0;7.0;c;3;Exp22DM08_inoc1_saisie;4dpi 
Exp22DM08_inoc1_T4_P21;5.0;1.0;7.0;1.0;7.0;7.0;a;4;Exp22DM08_inoc1_saisie;4dpi 
Exp22DM08_inoc1_T4_P21;3.0;1.0;3.0;0.0;;;b;4;Exp22DM08_inoc1_saisie;4dpi 
Exp22DM08_inoc1_T4_P21;5.0;1.0;3.0;0.0;;;c;4;Exp22DM08_inoc1_saisie;4dpi 
Exp22DM08_inoc1_T4_P22;7.0;1.0;7.0;0.0;;;a;1;Exp22DM08_inoc1_saisie;4dpi 
Exp22DM08_inoc1_T4_P22;5.0;1.0;5.0;0.0;;;b;1;Exp22DM08_inoc1_saisie;4dpi 
Exp22DM08_inoc1_T4_P22;3.0;1.0;5.0;0.0;;;c;1;Exp22DM08_inoc1_saisie;4dpi 
Exp22DM08_inoc1_T4_P22;9.0;0.0;;1.0;9.0;7.0;a;2;Exp22DM08_inoc1_saisie;4dpi 
Exp22DM08_inoc1_T4_P22;9.0;0.0;;0.0;;;b;2;Exp22DM08_inoc1_saisie;4dpi 
Exp22DM08_inoc1_T4_P22;9.0;0.0;;1.0;7.0;7.0;c;2;Exp22DM08_inoc1_saisie;4dpi 
Exp22DM08_inoc1_T4_P22;9.0;0.0;;1.0;9.0;7.0;a;3;Exp22DM08_inoc1_saisie;4dpi 
Exp22DM08_inoc1_T4_P22;9.0;0.0;;0.0;;;b;3;Exp22DM08_inoc1_saisie;4dpi 
Exp22DM08_inoc1_T4_P22;9.0;0.0;;0.0;;;c;3;Exp22DM08_inoc1_saisie;4dpi 
Exp22DM08_inoc1_T4_P22;9.0;0.0;;1.0;7.0;5.0;a;4;Exp22DM08_inoc1_saisie;4dpi 
Exp22DM08_inoc1_T4_P22;9.0;0.0;;1.0;7.0;5.0;b;4;Exp22DM08_inoc1_saisie;4dpi 
Exp22DM08_inoc1_T4_P22;9.0;0.0;;1.0;3.0;5.0;c;4;Exp22DM08_inoc1_saisie;4dpi 
Exp22DM08_inoc1_T4_P23;9.0;0.0;;0.0;;;a;1;Exp22DM08_inoc1_saisie;4dpi 
Exp22DM08_inoc1_T4_P23;9.0;0.0;;0.0;;;b;1;Exp22DM08_inoc1_saisie;4dpi 
Exp22DM08_inoc1_T4_P23;9.0;0.0;;0.0;;;c;1;Exp22DM08_inoc1_saisie;4dpi 
Exp22DM08_inoc1_T4_P23;7.0;1.0;9.0;1.0;7.0;5.0;a;2;Exp22DM08_inoc1_saisie;4dpi 
Exp22DM08_inoc1_T4_P23;9.0;0.0;;1.0;7.0;5.0;b;2;Exp22DM08_inoc1_saisie;4dpi 
Exp22DM08_inoc1_T4_P23;9.0;0.0;;1.0;7.0;7.0;c;2;Exp22DM08_inoc1_saisie;4dpi 
Exp22DM08_inoc1_T4_P23;7.0;1.0;9.0;0.0;;;a;3;Exp22DM08_inoc1_saisie;4dpi 
Exp22DM08_inoc1_T4_P23;9.0;0.0;;0.0;;;b;3;Exp22DM08_inoc1_saisie;4dpi 
Exp22DM08_inoc1_T4_P23;5.0;1.0;9.0;0.0;;;c;3;Exp22DM08_inoc1_saisie;4dpi 
Exp22DM08_inoc1_T4_P23;9.0;0.0;;1.0;7.0;7.0;a;4;Exp22DM08_inoc1_saisie;4dpi 
Exp22DM08_inoc1_T4_P23;9.0;0.0;;1.0;5.0;7.0;b;4;Exp22DM08_inoc1_saisie;4dpi 
Exp22DM08_inoc1_T4_P23;7.0;1.0;9.0;1.0;7.0;7.0;c;4;Exp22DM08_inoc1_saisie;4dpi 
Exp22DM08_inoc1_T4_P24;5.0;1.0;9.0;0.0;;;a;1;Exp22DM08_inoc1_saisie;4dpi 
Exp22DM08_inoc1_T4_P24;7.0;1.0;5.0;0.0;;;b;1;Exp22DM08_inoc1_saisie;4dpi 
Exp22DM08_inoc1_T4_P24;5.0;1.0;9.0;0.0;;;c;1;Exp22DM08_inoc1_saisie;4dpi 
Exp22DM08_inoc1_T4_P24;9.0;0.0;;1.0;7.0;7.0;a;2;Exp22DM08_inoc1_saisie;4dpi 
Exp22DM08_inoc1_T4_P24;9.0;0.0;;1.0;7.0;5.0;b;2;Exp22DM08_inoc1_saisie;4dpi 
Exp22DM08_inoc1_T4_P24;7.0;1.0;9.0;1.0;9.0;9.0;c;2;Exp22DM08_inoc1_saisie;4dpi 
Exp22DM08_inoc1_T4_P24;9.0;0.0;;1.0;5.0;5.0;a;3;Exp22DM08_inoc1_saisie;4dpi 
Exp22DM08_inoc1_T4_P24;9.0;0.0;;1.0;5.0;5.0;b;3;Exp22DM08_inoc1_saisie;4dpi 
Exp22DM08_inoc1_T4_P24;9.0;0.0;;1.0;3.0;5.0;c;3;Exp22DM08_inoc1_saisie;4dpi 
Exp22DM08_inoc1_T4_P24;9.0;0.0;;1.0;5.0;7.0;a;4;Exp22DM08_inoc1_saisie;4dpi 
Exp22DM08_inoc1_T4_P24;7.0;1.0;9.0;1.0;7.0;9.0;b;4;Exp22DM08_inoc1_saisie;4dpi 
Exp22DM08_inoc1_T4_P24;7.0;1.0;9.0;1.0;7.0;9.0;c;4;Exp22DM08_inoc1_saisie;4dpi 
Exp22DM08_inoc1_T4_P25;5.0;1.0;9.0;1.0;5.0;7.0;a;1;Exp22DM08_inoc1_saisie;4dpi 
Exp22DM08_inoc1_T4_P25;5.0;1.0;9.0;1.0;5.0;7.0;b;1;Exp22DM08_inoc1_saisie;4dpi 
Exp22DM08_inoc1_T4_P25;7.0;1.0;9.0;1.0;5.0;7.0;c;1;Exp22DM08_inoc1_saisie;4dpi 
Exp22DM08_inoc1_T4_P25;5.0;1.0;9.0;1.0;7.0;9.0;a;2;Exp22DM08_inoc1_saisie;4dpi 
Exp22DM08_inoc1_T4_P25;5.0;1.0;9.0;1.0;7.0;9.0;b;2;Exp22DM08_inoc1_saisie;4dpi 
Exp22DM08_inoc1_T4_P25;5.0;1.0;9.0;1.0;7.0;9.0;c;2;Exp22DM08_inoc1_saisie;4dpi 
Exp22DM08_inoc1_T4_P25;9.0;0.0;;1.0;7.0;7.0;a;3;Exp22DM08_inoc1_saisie;4dpi 
Exp22DM08_inoc1_T4_P25;9.0;0.0;;1.0;7.0;7.0;b;3;Exp22DM08_inoc1_saisie;4dpi 
Exp22DM08_inoc1_T4_P25;9.0;0.0;;1.0;7.0;7.0;c;3;Exp22DM08_inoc1_saisie;4dpi 
Exp22DM08_inoc1_T4_P25;5.0;1.0;9.0;1.0;7.0;7.0;a;4;Exp22DM08_inoc1_saisie;4dpi 
Exp22DM08_inoc1_T4_P25;7.0;1.0;7.0;1.0;7.0;7.0;b;4;Exp22DM08_inoc1_saisie;4dpi 
Exp22DM08_inoc1_T4_P25;5.0;1.0;7.0;1.0;7.0;9.0;c;4;Exp22DM08_inoc1_saisie;4dpi 
Exp22DM08_inoc1_T4_P26;9.0;0.0;;1.0;7.0;7.0;a;1;Exp22DM08_inoc1_saisie;4dpi 
Exp22DM08_inoc1_T4_P26;9.0;0.0;;1.0;7.0;7.0;b;1;Exp22DM08_inoc1_saisie;4dpi 
Exp22DM08_inoc1_T4_P26;9.0;0.0;;1.0;5.0;9.0;c;1;Exp22DM08_inoc1_saisie;4dpi 
Exp22DM08_inoc1_T4_P26;5.0;1.0;5.0;1.0;7.0;7.0;a;2;Exp22DM08_inoc1_saisie;4dpi 
Exp22DM08_inoc1_T4_P26;7.0;1.0;5.0;1.0;7.0;7.0;b;2;Exp22DM08_inoc1_saisie;4dpi 
Exp22DM08_inoc1_T4_P26;5.0;1.0;5.0;1.0;9.0;7.0;c;2;Exp22DM08_inoc1_saisie;4dpi 
Exp22DM08_inoc1_T4_P26;3.0;1.0;5.0;0.0;;;a;3;Exp22DM08_inoc1_saisie;4dpi 
Exp22DM08_inoc1_T4_P26;7.0;1.0;5.0;1.0;5.0;3.0;b;3;Exp22DM08_inoc1_saisie;4dpi 
Exp22DM08_inoc1_T4_P26;7.0;1.0;7.0;1.0;5.0;3.0;c;3;Exp22DM08_inoc1_saisie;4dpi 
Exp22DM08_inoc1_T4_P26;9.0;0.0;;1.0;7.0;5.0;a;4;Exp22DM08_inoc1_saisie;4dpi 
Exp22DM08_inoc1_T4_P26;7.0;1.0;9.0;1.0;9.0;7.0;b;4;Exp22DM08_inoc1_saisie;4dpi 
Exp22DM08_inoc1_T4_P26;9.0;0.0;;1.0;5.0;7.0;c;4;Exp22DM08_inoc1_saisie;4dpi 
Exp22DM08_inoc1_T4_P27;5.0;1.0;5.0;0.0;;;a;1;Exp22DM08_inoc1_saisie;4dpi 
Exp22DM08_inoc1_T4_P27;7.0;1.0;5.0;1.0;9.0;7.0;b;1;Exp22DM08_inoc1_saisie;4dpi 
Exp22DM08_inoc1_T4_P27;5.0;1.0;5.0;1.0;9.0;7.0;c;1;Exp22DM08_inoc1_saisie;4dpi 
Exp22DM08_inoc1_T4_P27;5.0;1.0;7.0;0.0;;;a;2;Exp22DM08_inoc1_saisie;4dpi 
Exp22DM08_inoc1_T4_P27;5.0;1.0;7.0;1.0;5.0;7.0;b;2;Exp22DM08_inoc1_saisie;4dpi 
Exp22DM08_inoc1_T4_P27;5.0;1.0;7.0;1.0;5.0;7.0;c;2;Exp22DM08_inoc1_saisie;4dpi 
Exp22DM08_inoc1_T4_P27;7.0;1.0;9.0;1.0;7.0;5.0;a;3;Exp22DM08_inoc1_saisie;4dpi 
Exp22DM08_inoc1_T4_P27;7.0;1.0;9.0;1.0;7.0;7.0;b;3;Exp22DM08_inoc1_saisie;4dpi 
Exp22DM08_inoc1_T4_P27;7.0;1.0;9.0;1.0;7.0;7.0;c;3;Exp22DM08_inoc1_saisie;4dpi 
Exp22DM08_inoc1_T4_P27;9.0;0.0;;1.0;5.0;3.0;a;4;Exp22DM08_inoc1_saisie;4dpi 
Exp22DM08_inoc1_T4_P27;9.0;0.0;;1.0;7.0;5.0;b;4;Exp22DM08_inoc1_saisie;4dpi 
Exp22DM08_inoc1_T4_P27;7.0;1.0;9.0;1.0;7.0;7.0;c;4;Exp22DM08_inoc1_saisie;4dpi 
Exp22DM08_inoc1_T4_P28;3.0;1.0;5.0;0.0;;;a;1;Exp22DM08_inoc1_saisie;4dpi 
Exp22DM08_inoc1_T4_P28;3.0;1.0;5.0;0.0;;;b;1;Exp22DM08_inoc1_saisie;4dpi 
Exp22DM08_inoc1_T4_P28;5.0;1.0;5.0;0.0;;;c;1;Exp22DM08_inoc1_saisie;4dpi 
Exp22DM08_inoc1_T4_P28;9.0;0.0;;0.0;;;a;2;Exp22DM08_inoc1_saisie;4dpi 
Exp22DM08_inoc1_T4_P28;9.0;0.0;;0.0;;;b;2;Exp22DM08_inoc1_saisie;4dpi 
Exp22DM08_inoc1_T4_P28;9.0;0.0;;0.0;;;c;2;Exp22DM08_inoc1_saisie;4dpi 
Exp22DM08_inoc1_T4_P28;3.0;1.0;3.0;0.0;;;a;3;Exp22DM08_inoc1_saisie;4dpi 
Exp22DM08_inoc1_T4_P28;3.0;1.0;3.0;0.0;;;b;3;Exp22DM08_inoc1_saisie;4dpi 
Exp22DM08_inoc1_T4_P28;3.0;1.0;3.0;0.0;;;c;3;Exp22DM08_inoc1_saisie;4dpi 
Exp22DM08_inoc1_T4_P28;3.0;1.0;1.0;0.0;;;a;4;Exp22DM08_inoc1_saisie;4dpi 
Exp22DM08_inoc1_T4_P28;5.0;1.0;1.0;0.0;;;b;4;Exp22DM08_inoc1_saisie;4dpi 
Exp22DM08_inoc1_T4_P28;7.0;1.0;3.0;0.0;;;c;4;Exp22DM08_inoc1_saisie;4dpi 
Exp22DM08_inoc1_T4_P29;9.0;0.0;;1.0;7.0;7.0;a;1;Exp22DM08_inoc1_saisie;4dpi 
Exp22DM08_inoc1_T4_P29;9.0;0.0;;1.0;9.0;9.0;b;1;Exp22DM08_inoc1_saisie;4dpi 
Exp22DM08_inoc1_T4_P29;9.0;0.0;;1.0;9.0;7.0;c;1;Exp22DM08_inoc1_saisie;4dpi 
Exp22DM08_inoc1_T4_P29;5.0;1.0;7.0;1.0;7.0;5.0;a;2;Exp22DM08_inoc1_saisie;4dpi 
Exp22DM08_inoc1_T4_P29;5.0;1.0;7.0;1.0;9.0;7.0;b;2;Exp22DM08_inoc1_saisie;4dpi 
Exp22DM08_inoc1_T4_P29;5.0;1.0;7.0;1.0;9.0;9.0;c;2;Exp22DM08_inoc1_saisie;4dpi 
Exp22DM08_inoc1_T4_P31;5.0;1.0;7.0;0.0;;;a;1;Exp22DM08_inoc1_saisie;4dpi 
Exp22DM08_inoc1_T4_P31;5.0;1.0;7.0;0.0;;;b;1;Exp22DM08_inoc1_saisie;4dpi 
Exp22DM08_inoc1_T4_P31;7.0;1.0;5.0;1.0;7.0;7.0;c;1;Exp22DM08_inoc1_saisie;4dpi 
Exp22DM08_inoc1_T4_P31;7.0;1.0;9.0;0.0;;;a;2;Exp22DM08_inoc1_saisie;4dpi 
Exp22DM08_inoc1_T4_P31;7.0;1.0;7.0;0.0;;;b;2;Exp22DM08_inoc1_saisie;4dpi 
Exp22DM08_inoc1_T4_P31;5.0;1.0;7.0;0.0;;;c;2;Exp22DM08_inoc1_saisie;4dpi 
Exp22DM08_inoc1_T4_P31;7.0;1.0;7.0;0.0;;;a;3;Exp22DM08_inoc1_saisie;4dpi 
Exp22DM08_inoc1_T4_P31;5.0;1.0;7.0;1.0;7.0;9.0;b;3;Exp22DM08_inoc1_saisie;4dpi 
Exp22DM08_inoc1_T4_P31;5.0;1.0;7.0;1.0;7.0;7.0;c;3;Exp22DM08_inoc1_saisie;4dpi 
Exp22DM08_inoc1_T4_P31;7.0;1.0;9.0;1.0;7.0;9.0;a;4;Exp22DM08_inoc1_saisie;4dpi 
Exp22DM08_inoc1_T4_P31;7.0;1.0;9.0;1.0;5.0;7.0;b;4;Exp22DM08_inoc1_saisie;4dpi 
Exp22DM08_inoc1_T4_P31;7.0;1.0;9.0;1.0;5.0;7.0;c;4;Exp22DM08_inoc1_saisie;4dpi 
Exp22DM08_inoc1_T4_P32;9.0;0.0;;1.0;3.0;9.0;a;1;Exp22DM08_inoc1_saisie;4dpi 
Exp22DM08_inoc1_T4_P32;9.0;0.0;;1.0;5.0;9.0;b;1;Exp22DM08_inoc1_saisie;4dpi 
Exp22DM08_inoc1_T4_P32;9.0;0.0;;1.0;5.0;9.0;c;1;Exp22DM08_inoc1_saisie;4dpi 
Exp22DM08_inoc1_T4_P32;7.0;1.0;9.0;0.0;;;a;2;Exp22DM08_inoc1_saisie;4dpi 
Exp22DM08_inoc1_T4_P32;9.0;0.0;;0.0;;;b;2;Exp22DM08_inoc1_saisie;4dpi 
Exp22DM08_inoc1_T4_P32;9.0;0.0;;0.0;;;c;2;Exp22DM08_inoc1_saisie;4dpi 
Exp22DM08_inoc1_T4_P32;3.0;1.0;5.0;0.0;;;a;3;Exp22DM08_inoc1_saisie;4dpi 
Exp22DM08_inoc1_T4_P32;5.0;1.0;5.0;0.0;;;b;3;Exp22DM08_inoc1_saisie;4dpi 
Exp22DM08_inoc1_T4_P32;5.0;1.0;3.0;0.0;;;c;3;Exp22DM08_inoc1_saisie;4dpi 
Exp22DM08_inoc1_T4_P32;9.0;0.0;;1.0;7.0;7.0;a;4;Exp22DM08_inoc1_saisie;4dpi 
Exp22DM08_inoc1_T4_P32;7.0;1.0;9.0;1.0;5.0;7.0;b;4;Exp22DM08_inoc1_saisie;4dpi 
Exp22DM08_inoc1_T4_P32;7.0;1.0;9.0;1.0;7.0;7.0;c;4;Exp22DM08_inoc1_saisie;4dpi 
Exp22DM08_inoc1_T4_P33;7.0;1.0;7.0;0.0;;;a;1;Exp22DM08_inoc1_saisie;4dpi 
Exp22DM08_inoc1_T4_P33;7.0;1.0;7.0;0.0;;;b;1;Exp22DM08_inoc1_saisie;4dpi 
Exp22DM08_inoc1_T4_P33;7.0;1.0;7.0;0.0;;;c;1;Exp22DM08_inoc1_saisie;4dpi 
Exp22DM08_inoc1_T4_P33;7.0;1.0;7.0;0.0;;;a;2;Exp22DM08_inoc1_saisie;4dpi 
Exp22DM08_inoc1_T4_P33;7.0;1.0;5.0;1.0;9.0;9.0;b;2;Exp22DM08_inoc1_saisie;4dpi 
Exp22DM08_inoc1_T4_P33;7.0;1.0;5.0;1.0;9.0;9.0;c;2;Exp22DM08_inoc1_saisie;4dpi 
Exp22DM08_inoc1_T4_P33;5.0;1.0;5.0;0.0;;;a;3;Exp22DM08_inoc1_saisie;4dpi 
Exp22DM08_inoc1_T4_P33;5.0;1.0;3.0;0.0;;;b;3;Exp22DM08_inoc1_saisie;4dpi 
Exp22DM08_inoc1_T4_P33;5.0;1.0;3.0;0.0;;;c;3;Exp22DM08_inoc1_saisie;4dpi 
Exp22DM08_inoc1_T4_P33;7.0;1.0;9.0;1.0;5.0;7.0;a;4;Exp22DM08_inoc1_saisie;4dpi 
Exp22DM08_inoc1_T4_P33;9.0;0.0;;1.0;7.0;5.0;b;4;Exp22DM08_inoc1_saisie;4dpi 
Exp22DM08_inoc1_T4_P33;9.0;0.0;;1.0;9.0;5.0;c;4;Exp22DM08_inoc1_saisie;4dpi 
Exp22DM08_inoc1_T4_P34;7.0;1.0;9.0;1.0;7.0;5.0;a;1;Exp22DM08_inoc1_saisie;4dpi 
Exp22DM08_inoc1_T4_P34;9.0;0.0;;1.0;5.0;7.0;b;1;Exp22DM08_inoc1_saisie;4dpi 
Exp22DM08_inoc1_T4_P34;9.0;0.0;;1.0;3.0;7.0;c;1;Exp22DM08_inoc1_saisie;4dpi 
Exp22DM08_inoc1_T4_P34;9.0;0.0;;1.0;5.0;9.0;a;2;Exp22DM08_inoc1_saisie;4dpi 
Exp22DM08_inoc1_T4_P34;9.0;0.0;;1.0;7.0;9.0;b;2;Exp22DM08_inoc1_saisie;4dpi 
Exp22DM08_inoc1_T4_P34;9.0;0.0;;1.0;5.0;9.0;c;2;Exp22DM08_inoc1_saisie;4dpi 
Exp22DM08_inoc1_T4_P34;7.0;1.0;3.0;0.0;;;a;3;Exp22DM08_inoc1_saisie;4dpi 
Exp22DM08_inoc1_T4_P34;7.0;1.0;5.0;0.0;;;b;3;Exp22DM08_inoc1_saisie;4dpi 
Exp22DM08_inoc1_T4_P34;5.0;1.0;5.0;0.0;;;c;3;Exp22DM08_inoc1_saisie;4dpi 
Exp22DM08_inoc1_T4_P34;5.0;1.0;5.0;0.0;;;a;4;Exp22DM08_inoc1_saisie;4dpi 
Exp22DM08_inoc1_T4_P34;5.0;1.0;5.0;0.0;;;b;4;Exp22DM08_inoc1_saisie;4dpi 
Exp22DM08_inoc1_T4_P34;5.0;1.0;5.0;0.0;;;c;4;Exp22DM08_inoc1_saisie;4dpi 
Exp22DM08_inoc1_T4_P35;5.0;1.0;7.0;0.0;;;a;1;Exp22DM08_inoc1_saisie;4dpi 
Exp22DM08_inoc1_T4_P35;5.0;1.0;5.0;0.0;;;b;1;Exp22DM08_inoc1_saisie;4dpi 
Exp22DM08_inoc1_T4_P35;5.0;1.0;5.0;0.0;;;c;1;Exp22DM08_inoc1_saisie;4dpi 
Exp22DM08_inoc1_T4_P35;7.0;1.0;9.0;1.0;5.0;5.0;a;2;Exp22DM08_inoc1_saisie;4dpi 
Exp22DM08_inoc1_T4_P35;7.0;1.0;9.0;1.0;5.0;5.0;b;2;Exp22DM08_inoc1_saisie;4dpi 
Exp22DM08_inoc1_T4_P35;7.0;1.0;9.0;1.0;5.0;5.0;c;2;Exp22DM08_inoc1_saisie;4dpi 
Exp22DM08_inoc1_T4_P35;7.0;1.0;5.0;1.0;7.0;5.0;a;3;Exp22DM08_inoc1_saisie;4dpi 
Exp22DM08_inoc1_T4_P35;5.0;1.0;5.0;1.0;9.0;7.0;b;3;Exp22DM08_inoc1_saisie;4dpi 
Exp22DM08_inoc1_T4_P35;1.0;1.0;5.0;1.0;5.0;5.0;c;3;Exp22DM08_inoc1_saisie;4dpi 
Exp22DM08_inoc1_T4_P35;7.0;1.0;9.0;0.0;;;a;4;Exp22DM08_inoc1_saisie;4dpi 
Exp22DM08_inoc1_T4_P35;9.0;0.0;;0.0;;;b;4;Exp22DM08_inoc1_saisie;4dpi 
Exp22DM08_inoc1_T4_P35;7.0;1.0;7.0;0.0;;;c;4;Exp22DM08_inoc1_saisie;4dpi 
Exp22DM08_inoc1_T4_P36;7.0;1.0;9.0;1.0;9.0;9.0;a;1;Exp22DM08_inoc1_saisie;4dpi 
Exp22DM08_inoc1_T4_P36;7.0;1.0;9.0;1.0;9.0;7.0;b;1;Exp22DM08_inoc1_saisie;4dpi 
Exp22DM08_inoc1_T4_P36;7.0;1.0;9.0;1.0;9.0;9.0;c;1;Exp22DM08_inoc1_saisie;4dpi 
Exp22DM08_inoc1_T4_P36;9.0;0.0;;1.0;9.0;9.0;a;2;Exp22DM08_inoc1_saisie;4dpi 
Exp22DM08_inoc1_T4_P36;9.0;0.0;;1.0;9.0;9.0;b;2;Exp22DM08_inoc1_saisie;4dpi 
Exp22DM08_inoc1_T4_P36;9.0;0.0;;1.0;7.0;7.0;c;2;Exp22DM08_inoc1_saisie;4dpi 
Exp22DM08_inoc1_T4_P36;9.0;0.0;;1.0;5.0;9.0;a;3;Exp22DM08_inoc1_saisie;4dpi 
Exp22DM08_inoc1_T4_P36;9.0;0.0;;1.0;3.0;9.0;b;3;Exp22DM08_inoc1_saisie;4dpi 
Exp22DM08_inoc1_T4_P36;9.0;0.0;;1.0;3.0;9.0;c;3;Exp22DM08_inoc1_saisie;4dpi 
Exp22DM08_inoc1_T4_P36;5.0;1.0;5.0;0.0;;;a;4;Exp22DM08_inoc1_saisie;4dpi 
Exp22DM08_inoc1_T4_P36;5.0;1.0;3.0;0.0;;;b;4;Exp22DM08_inoc1_saisie;4dpi 
Exp22DM08_inoc1_T4_P36;5.0;1.0;3.0;0.0;;;c;4;Exp22DM08_inoc1_saisie;4dpi 
Exp22DM08_inoc1_T4_P37;7.0;1.0;7.0;1.0;9.0;7.0;a;1;Exp22DM08_inoc1_saisie;4dpi 
Exp22DM08_inoc1_T4_P37;7.0;1.0;9.0;1.0;7.0;9.0;b;1;Exp22DM08_inoc1_saisie;4dpi 
Exp22DM08_inoc1_T4_P37;7.0;1.0;9.0;1.0;9.0;9.0;c;1;Exp22DM08_inoc1_saisie;4dpi 
Exp22DM08_inoc1_T4_P37;3.0;1.0;9.0;0.0;;;a;2;Exp22DM08_inoc1_saisie;4dpi 
Exp22DM08_inoc1_T4_P37;3.0;1.0;7.0;0.0;;;b;2;Exp22DM08_inoc1_saisie;4dpi 
Exp22DM08_inoc1_T4_P37;3.0;1.0;7.0;0.0;;;c;2;Exp22DM08_inoc1_saisie;4dpi 
Exp22DM08_inoc1_T4_P37;7.0;1.0;9.0;1.0;5.0;5.0;a;3;Exp22DM08_inoc1_saisie;4dpi 
Exp22DM08_inoc1_T4_P37;7.0;1.0;9.0;1.0;3.0;5.0;b;3;Exp22DM08_inoc1_saisie;4dpi 
Exp22DM08_inoc1_T4_P37;7.0;1.0;9.0;1.0;7.0;7.0;c;3;Exp22DM08_inoc1_saisie;4dpi 
Exp22DM08_inoc1_T4_P37;7.0;1.0;7.0;0.0;;;a;4;Exp22DM08_inoc1_saisie;4dpi 
Exp22DM08_inoc1_T4_P37;7.0;1.0;5.0;0.0;;;b;4;Exp22DM08_inoc1_saisie;4dpi 
Exp22DM08_inoc1_T4_P37;5.0;1.0;7.0;0.0;;;c;4;Exp22DM08_inoc1_saisie;4dpi 
Exp22DM08_inoc1_T4_P38;5.0;1.0;3.0;0.0;;;a;1;Exp22DM08_inoc1_saisie;4dpi 
Exp22DM08_inoc1_T4_P38;1.0;1.0;5.0;0.0;;;b;1;Exp22DM08_inoc1_saisie;4dpi 
Exp22DM08_inoc1_T4_P38;5.0;1.0;3.0;0.0;;;c;1;Exp22DM08_inoc1_saisie;4dpi 
Exp22DM08_inoc1_T4_P38;7.0;1.0;1.0;0.0;;;a;2;Exp22DM08_inoc1_saisie;4dpi 
Exp22DM08_inoc1_T4_P38;7.0;1.0;3.0;0.0;;;b;2;Exp22DM08_inoc1_saisie;4dpi 
Exp22DM08_inoc1_T4_P38;7.0;1.0;3.0;0.0;;;c;2;Exp22DM08_inoc1_saisie;4dpi 
Exp22DM08_inoc1_T4_P38;1.0;1.0;3.0;0.0;;;a;3;Exp22DM08_inoc1_saisie;4dpi 
Exp22DM08_inoc1_T4_P38;5.0;1.0;1.0;0.0;;;b;3;Exp22DM08_inoc1_saisie;4dpi 
Exp22DM08_inoc1_T4_P38;3.0;1.0;1.0;0.0;;;c;3;Exp22DM08_inoc1_saisie;4dpi 
Exp22DM08_inoc1_T4_P38;9.0;0.0;;0.0;;;a;4;Exp22DM08_inoc1_saisie;4dpi 
Exp22DM08_inoc1_T4_P38;7.0;1.0;7.0;0.0;;;b;4;Exp22DM08_inoc1_saisie;4dpi 
Exp22DM08_inoc1_T4_P38;9.0;0.0;;0.0;;;c;4;Exp22DM08_inoc1_saisie;4dpi 
Exp22DM08_inoc1_T4_P39;5.0;1.0;9.0;1.0;5.0;9.0;a;1;Exp22DM08_inoc1_saisie;4dpi 
Exp22DM08_inoc1_T4_P39;5.0;1.0;9.0;1.0;5.0;9.0;b;1;Exp22DM08_inoc1_saisie;4dpi 
Exp22DM08_inoc1_T4_P39;5.0;1.0;9.0;1.0;5.0;9.0;c;1;Exp22DM08_inoc1_saisie;4dpi 
Exp22DM08_inoc1_T4_P39;1.0;1.0;3.0;0.0;;;a;2;Exp22DM08_inoc1_saisie;4dpi 
Exp22DM08_inoc1_T4_P39;1.0;1.0;3.0;0.0;;;b;2;Exp22DM08_inoc1_saisie;4dpi 
Exp22DM08_inoc1_T4_P39;1.0;1.0;5.0;0.0;;;c;2;Exp22DM08_inoc1_saisie;4dpi 
Exp22DM08_inoc1_T4_P39;9.0;0.0;;1.0;9.0;7.0;a;3;Exp22DM08_inoc1_saisie;4dpi 
Exp22DM08_inoc1_T4_P39;7.0;1.0;9.0;1.0;7.0;7.0;b;3;Exp22DM08_inoc1_saisie;4dpi 
Exp22DM08_inoc1_T4_P39;7.0;1.0;7.0;1.0;5.0;7.0;c;3;Exp22DM08_inoc1_saisie;4dpi 
Exp22DM08_inoc1_T4_P39;5.0;1.0;5.0;0.0;;;a;4;Exp22DM08_inoc1_saisie;4dpi 
Exp22DM08_inoc1_T4_P39;1.0;1.0;5.0;0.0;;;b;4;Exp22DM08_inoc1_saisie;4dpi 
Exp22DM08_inoc1_T4_P39;3.0;1.0;5.0;0.0;;;c;4;Exp22DM08_inoc1_saisie;4dpi 
Exp22DM08_inoc1_T4_P40;9.0;0.0;;1.0;5.0;5.0;a;1;Exp22DM08_inoc1_saisie;4dpi 
Exp22DM08_inoc1_T4_P40;7.0;1.0;9.0;1.0;5.0;5.0;b;1;Exp22DM08_inoc1_saisie;4dpi 
Exp22DM08_inoc1_T4_P40;7.0;1.0;7.0;1.0;7.0;5.0;c;1;Exp22DM08_inoc1_saisie;4dpi 
Exp22DM08_inoc1_T4_P40;9.0;0.0;;0.0;;;a;2;Exp22DM08_inoc1_saisie;4dpi 
Exp22DM08_inoc1_T4_P40;7.0;1.0;7.0;1.0;5.0;7.0;b;2;Exp22DM08_inoc1_saisie;4dpi 
Exp22DM08_inoc1_T4_P40;9.0;0.0;;0.0;;;c;2;Exp22DM08_inoc1_saisie;4dpi 
Exp22DM08_inoc1_T4_P40;5.0;1.0;5.0;0.0;;;a;3;Exp22DM08_inoc1_saisie;4dpi 
Exp22DM08_inoc1_T4_P40;5.0;1.0;3.0;0.0;;;b;3;Exp22DM08_inoc1_saisie;4dpi 
Exp22DM08_inoc1_T4_P40;3.0;1.0;3.0;0.0;;;c;3;Exp22DM08_inoc1_saisie;4dpi 
Exp22DM08_inoc1_T4_P40;7.0;1.0;3.0;0.0;;;a;4;Exp22DM08_inoc1_saisie;4dpi 
Exp22DM08_inoc1_T4_P40;5.0;1.0;3.0;0.0;;;b;4;Exp22DM08_inoc1_saisie;4dpi 
Exp22DM08_inoc1_T4_P40;5.0;1.0;3.0;0.0;;;c;4;Exp22DM08_inoc1_saisie;4dpi 
Exp22DM08_inoc1_T4_P41;5.0;1.0;7.0;0.0;;;a;1;Exp22DM08_inoc1_saisie;4dpi 
Exp22DM08_inoc1_T4_P41;3.0;1.0;7.0;0.0;;;b;1;Exp22DM08_inoc1_saisie;4dpi 
Exp22DM08_inoc1_T4_P41;5.0;1.0;7.0;0.0;;;c;1;Exp22DM08_inoc1_saisie;4dpi 
Exp22DM08_inoc1_T4_P41;5.0;1.0;7.0;0.0;;;a;2;Exp22DM08_inoc1_saisie;4dpi 
Exp22DM08_inoc1_T4_P41;5.0;1.0;7.0;1.0;7.0;9.0;b;2;Exp22DM08_inoc1_saisie;4dpi 
Exp22DM08_inoc1_T4_P41;5.0;1.0;5.0;1.0;5.0;5.0;c;2;Exp22DM08_inoc1_saisie;4dpi 
Exp22DM08_inoc1_T4_P41;7.0;1.0;7.0;0.0;;;a;3;Exp22DM08_inoc1_saisie;4dpi 
Exp22DM08_inoc1_T4_P41;7.0;1.0;9.0;0.0;;;b;3;Exp22DM08_inoc1_saisie;4dpi 
Exp22DM08_inoc1_T4_P41;7.0;1.0;9.0;0.0;;;c;3;Exp22DM08_inoc1_saisie;4dpi 
Exp22DM08_inoc1_T4_P41;3.0;1.0;9.0;1.0;7.0;7.0;a;4;Exp22DM08_inoc1_saisie;4dpi 
Exp22DM08_inoc1_T4_P41;3.0;1.0;9.0;0.0;;;b;4;Exp22DM08_inoc1_saisie;4dpi 
Exp22DM08_inoc1_T4_P41;5.0;1.0;9.0;1.0;9.0;7.0;c;4;Exp22DM08_inoc1_saisie;4dpi 
Exp22DM08_inoc1_T4_P42;7.0;1.0;9.0;1.0;5.0;5.0;a;1;Exp22DM08_inoc1_saisie;4dpi 
Exp22DM08_inoc1_T4_P42;7.0;1.0;9.0;1.0;5.0;5.0;b;1;Exp22DM08_inoc1_saisie;4dpi 
Exp22DM08_inoc1_T4_P42;7.0;1.0;9.0;1.0;5.0;5.0;c;1;Exp22DM08_inoc1_saisie;4dpi 
Exp22DM08_inoc1_T4_P42;1.0;1.0;5.0;0.0;;;a;2;Exp22DM08_inoc1_saisie;4dpi 
Exp22DM08_inoc1_T4_P42;3.0;1.0;5.0;0.0;;;b;2;Exp22DM08_inoc1_saisie;4dpi 
Exp22DM08_inoc1_T4_P42;1.0;1.0;5.0;0.0;;;c;2;Exp22DM08_inoc1_saisie;4dpi 
Exp22DM08_inoc1_T4_P42;3.0;1.0;5.0;0.0;;;a;3;Exp22DM08_inoc1_saisie;4dpi 
Exp22DM08_inoc1_T4_P42;3.0;1.0;5.0;0.0;;;b;3;Exp22DM08_inoc1_saisie;4dpi 
Exp22DM08_inoc1_T4_P42;3.0;1.0;5.0;0.0;;;c;3;Exp22DM08_inoc1_saisie;4dpi 
Exp22DM08_inoc1_T4_P42;7.0;1.0;9.0;1.0;7.0;7.0;a;4;Exp22DM08_inoc1_saisie;4dpi 
Exp22DM08_inoc1_T4_P42;5.0;1.0;9.0;1.0;7.0;7.0;b;4;Exp22DM08_inoc1_saisie;4dpi 
Exp22DM08_inoc1_T4_P42;5.0;1.0;9.0;1.0;7.0;7.0;c;4;Exp22DM08_inoc1_saisie;4dpi 
Exp22DM08_inoc1_T4_P43;9.0;0.0;;0.0;;;a;1;Exp22DM08_inoc1_saisie;4dpi 
Exp22DM08_inoc1_T4_P43;9.0;0.0;;1.0;7.0;7.0;b;1;Exp22DM08_inoc1_saisie;4dpi 
Exp22DM08_inoc1_T4_P43;5.0;1.0;9.0;1.0;5.0;7.0;c;1;Exp22DM08_inoc1_saisie;4dpi 
Exp22DM08_inoc1_T4_P43;5.0;1.0;9.0;1.0;5.0;7.0;a;2;Exp22DM08_inoc1_saisie;4dpi 
Exp22DM08_inoc1_T4_P43;7.0;1.0;7.0;1.0;7.0;5.0;b;2;Exp22DM08_inoc1_saisie;4dpi 
Exp22DM08_inoc1_T4_P43;7.0;1.0;7.0;1.0;7.0;5.0;c;2;Exp22DM08_inoc1_saisie;4dpi 
Exp22DM08_inoc1_T4_P43;9.0;0.0;;1.0;5.0;5.0;a;3;Exp22DM08_inoc1_saisie;4dpi 
Exp22DM08_inoc1_T4_P43;9.0;0.0;;1.0;9.0;9.0;b;3;Exp22DM08_inoc1_saisie;4dpi 
Exp22DM08_inoc1_T4_P43;7.0;1.0;9.0;0.0;;;c;3;Exp22DM08_inoc1_saisie;4dpi 
Exp22DM08_inoc1_T4_P43;3.0;1.0;9.0;0.0;;;a;4;Exp22DM08_inoc1_saisie;4dpi 
Exp22DM08_inoc1_T4_P43;7.0;1.0;9.0;0.0;;;b;4;Exp22DM08_inoc1_saisie;4dpi 
Exp22DM08_inoc1_T4_P43;5.0;1.0;9.0;0.0;;;c;4;Exp22DM08_inoc1_saisie;4dpi 
Exp22DM08_inoc1_T4_P44;7.0;1.0;9.0;0.0;;;a;1;Exp22DM08_inoc1_saisie;4dpi 
Exp22DM08_inoc1_T4_P44;3.0;1.0;5.0;0.0;;;b;1;Exp22DM08_inoc1_saisie;4dpi 
Exp22DM08_inoc1_T4_P44;5.0;1.0;5.0;0.0;;;c;1;Exp22DM08_inoc1_saisie;4dpi 
Exp22DM08_inoc1_T4_P44;1.0;1.0;5.0;0.0;;;a;2;Exp22DM08_inoc1_saisie;4dpi 
Exp22DM08_inoc1_T4_P44;3.0;1.0;5.0;1.0;9.0;5.0;b;2;Exp22DM08_inoc1_saisie;4dpi 
Exp22DM08_inoc1_T4_P44;1.0;1.0;5.0;0.0;;;c;2;Exp22DM08_inoc1_saisie;4dpi 
Exp22DM08_inoc1_T4_P44;7.0;1.0;7.0;0.0;;;a;3;Exp22DM08_inoc1_saisie;4dpi 
Exp22DM08_inoc1_T4_P44;7.0;1.0;7.0;0.0;;;b;3;Exp22DM08_inoc1_saisie;4dpi 
Exp22DM08_inoc1_T4_P44;7.0;1.0;5.0;0.0;;;c;3;Exp22DM08_inoc1_saisie;4dpi 
Exp22DM08_inoc1_T4_P44;5.0;1.0;7.0;0.0;;;a;4;Exp22DM08_inoc1_saisie;4dpi 
Exp22DM08_inoc1_T4_P44;5.0;1.0;5.0;0.0;;;b;4;Exp22DM08_inoc1_saisie;4dpi 
Exp22DM08_inoc1_T4_P44;5.0;1.0;5.0;0.0;;;c;4;Exp22DM08_inoc1_saisie;4dpi 
Exp22DM08_inoc1_T4_P45;5.0;1.0;5.0;0.0;;;a;1;Exp22DM08_inoc1_saisie;4dpi 
Exp22DM08_inoc1_T4_P45;5.0;1.0;5.0;0.0;;;b;1;Exp22DM08_inoc1_saisie;4dpi 
Exp22DM08_inoc1_T4_P45;5.0;1.0;5.0;0.0;;;c;1;Exp22DM08_inoc1_saisie;4dpi 
Exp22DM08_inoc1_T4_P45;7.0;1.0;7.0;0.0;;;a;2;Exp22DM08_inoc1_saisie;4dpi 
Exp22DM08_inoc1_T4_P45;7.0;1.0;9.0;0.0;;;b;2;Exp22DM08_inoc1_saisie;4dpi 
Exp22DM08_inoc1_T4_P45;7.0;1.0;9.0;1.0;9.0;9.0;c;2;Exp22DM08_inoc1_saisie;4dpi 
Exp22DM08_inoc1_T4_P45;5.0;1.0;5.0;0.0;;;a;3;Exp22DM08_inoc1_saisie;4dpi 
Exp22DM08_inoc1_T4_P45;7.0;1.0;3.0;0.0;;;b;3;Exp22DM08_inoc1_saisie;4dpi 
Exp22DM08_inoc1_T4_P45;5.0;1.0;5.0;1.0;9.0;7.0;c;3;Exp22DM08_inoc1_saisie;4dpi 
Exp22DM08_inoc1_T4_P45;5.0;1.0;9.0;0.0;;;a;4;Exp22DM08_inoc1_saisie;4dpi 
Exp22DM08_inoc1_T4_P45;5.0;1.0;9.0;0.0;;;b;4;Exp22DM08_inoc1_saisie;4dpi 
Exp22DM08_inoc1_T4_P45;3.0;1.0;9.0;0.0;;;c;4;Exp22DM08_inoc1_saisie;4dpi 
Exp22DM08_inoc1_T4_P46;7.0;1.0;5.0;1.0;7.0;5.0;a;1;Exp22DM08_inoc1_saisie;4dpi 
Exp22DM08_inoc1_T4_P46;5.0;1.0;7.0;1.0;5.0;9.0;b;1;Exp22DM08_inoc1_saisie;4dpi 
Exp22DM08_inoc1_T4_P46;5.0;1.0;9.0;1.0;5.0;9.0;c;1;Exp22DM08_inoc1_saisie;4dpi 
Exp22DM08_inoc1_T4_P46;7.0;1.0;7.0;1.0;7.0;7.0;a;2;Exp22DM08_inoc1_saisie;4dpi 
Exp22DM08_inoc1_T4_P46;7.0;1.0;9.0;1.0;7.0;9.0;b;2;Exp22DM08_inoc1_saisie;4dpi 
Exp22DM08_inoc1_T4_P46;5.0;1.0;9.0;1.0;5.0;5.0;c;2;Exp22DM08_inoc1_saisie;4dpi 
Exp22DM08_inoc1_T4_P46;9.0;0.0;;0.0;;;a;3;Exp22DM08_inoc1_saisie;4dpi 
Exp22DM08_inoc1_T4_P46;7.0;1.0;9.0;0.0;;;b;3;Exp22DM08_inoc1_saisie;4dpi 
Exp22DM08_inoc1_T4_P46;7.0;1.0;5.0;1.0;9.0;7.0;c;3;Exp22DM08_inoc1_saisie;4dpi 
Exp22DM08_inoc1_T4_P46;9.0;0.0;;1.0;9.0;5.0;a;4;Exp22DM08_inoc1_saisie;4dpi 
Exp22DM08_inoc1_T4_P46;7.0;1.0;9.0;0.0;;;b;4;Exp22DM08_inoc1_saisie;4dpi 
Exp22DM08_inoc1_T4_P46;7.0;1.0;9.0;1.0;9.0;9.0;c;4;Exp22DM08_inoc1_saisie;4dpi 
Exp22DM08_inoc1_T4_P47;3.0;1.0;3.0;0.0;;;a;1;Exp22DM08_inoc1_saisie;4dpi 
Exp22DM08_inoc1_T4_P47;1.0;1.0;3.0;0.0;;;b;1;Exp22DM08_inoc1_saisie;4dpi 
Exp22DM08_inoc1_T4_P47;3.0;1.0;3.0;0.0;;;c;1;Exp22DM08_inoc1_saisie;4dpi 
Exp22DM08_inoc1_T4_P47;7.0;1.0;9.0;0.0;;;a;2;Exp22DM08_inoc1_saisie;4dpi 
Exp22DM08_inoc1_T4_P47;7.0;1.0;9.0;0.0;;;b;2;Exp22DM08_inoc1_saisie;4dpi 
Exp22DM08_inoc1_T4_P47;5.0;1.0;9.0;0.0;;;c;2;Exp22DM08_inoc1_saisie;4dpi 
Exp22DM08_inoc1_T4_P47;1.0;1.0;5.0;0.0;;;a;3;Exp22DM08_inoc1_saisie;4dpi 
Exp22DM08_inoc1_T4_P47;3.0;1.0;5.0;0.0;;;b;3;Exp22DM08_inoc1_saisie;4dpi 
Exp22DM08_inoc1_T4_P47;1.0;1.0;5.0;0.0;;;c;3;Exp22DM08_inoc1_saisie;4dpi 
Exp22DM08_inoc1_T4_P47;9.0;0.0;;0.0;;;a;4;Exp22DM08_inoc1_saisie;4dpi 
Exp22DM08_inoc1_T4_P47;9.0;0.0;;1.0;7.0;7.0;b;4;Exp22DM08_inoc1_saisie;4dpi 
Exp22DM08_inoc1_T4_P47;9.0;0.0;;0.0;;;c;4;Exp22DM08_inoc1_saisie;4dpi 
Exp22DM08_inoc1_T4_P48;7.0;1.0;9.0;1.0;7.0;9.0;a;1;Exp22DM08_inoc1_saisie;4dpi 
Exp22DM08_inoc1_T4_P48;7.0;1.0;9.0;1.0;5.0;7.0;b;1;Exp22DM08_inoc1_saisie;4dpi 
Exp22DM08_inoc1_T4_P48;7.0;1.0;9.0;1.0;5.0;7.0;c;1;Exp22DM08_inoc1_saisie;4dpi 
Exp22DM08_inoc1_T4_P48;5.0;1.0;9.0;0.0;;;a;2;Exp22DM08_inoc1_saisie;4dpi 
Exp22DM08_inoc1_T4_P48;3.0;1.0;9.0;0.0;;;b;2;Exp22DM08_inoc1_saisie;4dpi 
Exp22DM08_inoc1_T4_P48;5.0;1.0;9.0;1.0;7.0;9.0;c;2;Exp22DM08_inoc1_saisie;4dpi 
Exp22DM08_inoc1_T4_P48;7.0;1.0;9.0;1.0;7.0;5.0;a;3;Exp22DM08_inoc1_saisie;4dpi 
Exp22DM08_inoc1_T4_P48;7.0;1.0;9.0;1.0;5.0;5.0;b;3;Exp22DM08_inoc1_saisie;4dpi 
Exp22DM08_inoc1_T4_P48;7.0;1.0;9.0;1.0;7.0;7.0;c;3;Exp22DM08_inoc1_saisie;4dpi 
Exp22DM08_inoc1_T4_P48;9.0;0.0;;0.0;;;a;4;Exp22DM08_inoc1_saisie;4dpi 
Exp22DM08_inoc1_T4_P48;9.0;0.0;;0.0;;;b;4;Exp22DM08_inoc1_saisie;4dpi 
Exp22DM08_inoc1_T4_P48;9.0;0.0;;0.0;;;c;4;Exp22DM08_inoc1_saisie;4dpi 
Exp22DM08_inoc1_T4_P49;7.0;1.0;9.0;1.0;7.0;9.0;a;1;Exp22DM08_inoc1_saisie;4dpi 
Exp22DM08_inoc1_T4_P49;7.0;1.0;9.0;1.0;5.0;7.0;b;1;Exp22DM08_inoc1_saisie;4dpi 
Exp22DM08_inoc1_T4_P49;7.0;1.0;9.0;1.0;5.0;7.0;c;1;Exp22DM08_inoc1_saisie;4dpi 
Exp22DM08_inoc1_T4_P49;9.0;0.0;;1.0;5.0;5.0;a;2;Exp22DM08_inoc1_saisie;4dpi 
Exp22DM08_inoc1_T4_P49;9.0;0.0;;1.0;7.0;5.0;b;2;Exp22DM08_inoc1_saisie;4dpi 
Exp22DM08_inoc1_T4_P49;9.0;0.0;;1.0;7.0;5.0;c;2;Exp22DM08_inoc1_saisie;4dpi 
Exp22DM08_inoc1_T4_P49;5.0;1.0;9.0;1.0;9.0;9.0;a;3;Exp22DM08_inoc1_saisie;4dpi 
Exp22DM08_inoc1_T4_P49;3.0;1.0;9.0;1.0;5.0;9.0;b;3;Exp22DM08_inoc1_saisie;4dpi 
Exp22DM08_inoc1_T4_P49;5.0;1.0;7.0;1.0;5.0;9.0;c;3;Exp22DM08_inoc1_saisie;4dpi 
Exp22DM08_inoc1_T4_P49;9.0;0.0;;1.0;5.0;7.0;a;4;Exp22DM08_inoc1_saisie;4dpi 
Exp22DM08_inoc1_T4_P49;9.0;0.0;;1.0;5.0;5.0;b;4;Exp22DM08_inoc1_saisie;4dpi 
Exp22DM08_inoc1_T4_P49;7.0;1.0;7.0;1.0;5.0;5.0;c;4;Exp22DM08_inoc1_saisie;4dpi 
Exp22DM08_inoc1_T4_P50;5.0;1.0;5.0;0.0;;;a;1;Exp22DM08_inoc1_saisie;4dpi 
Exp22DM08_inoc1_T4_P50;5.0;1.0;3.0;0.0;;;b;1;Exp22DM08_inoc1_saisie;4dpi 
Exp22DM08_inoc1_T4_P50;5.0;1.0;5.0;0.0;;;c;1;Exp22DM08_inoc1_saisie;4dpi 
Exp22DM08_inoc1_T4_P50;5.0;1.0;9.0;0.0;;;a;2;Exp22DM08_inoc1_saisie;4dpi 
Exp22DM08_inoc1_T4_P50;5.0;1.0;9.0;1.0;5.0;9.0;b;2;Exp22DM08_inoc1_saisie;4dpi 
Exp22DM08_inoc1_T4_P50;5.0;1.0;9.0;1.0;5.0;5.0;c;2;Exp22DM08_inoc1_saisie;4dpi 
Exp22DM08_inoc1_T4_P50;1.0;1.0;5.0;0.0;;;a;3;Exp22DM08_inoc1_saisie;4dpi 
Exp22DM08_inoc1_T4_P50;1.0;1.0;7.0;0.0;;;b;3;Exp22DM08_inoc1_saisie;4dpi 
Exp22DM08_inoc1_T4_P50;5.0;1.0;5.0;0.0;;;c;3;Exp22DM08_inoc1_saisie;4dpi 
Exp22DM08_inoc1_T4_P50;9.0;0.0;;0.0;;;a;4;Exp22DM08_inoc1_saisie;4dpi 
Exp22DM08_inoc1_T4_P50;9.0;0.0;;0.0;;;b;4;Exp22DM08_inoc1_saisie;4dpi 
Exp22DM08_inoc1_T4_P50;9.0;0.0;;0.0;;;c;4;Exp22DM08_inoc1_saisie;4dpi 
Exp22DM08_inoc1_T4_P51;7.0;1.0;7.0;1.0;5.0;7.0;a;1;Exp22DM08_inoc1_saisie;4dpi 
Exp22DM08_inoc1_T4_P51;7.0;1.0;7.0;1.0;5.0;7.0;b;1;Exp22DM08_inoc1_saisie;4dpi 
Exp22DM08_inoc1_T4_P51;5.0;1.0;7.0;1.0;5.0;7.0;c;1;Exp22DM08_inoc1_saisie;4dpi 
Exp22DM08_inoc1_T4_P51;1.0;1.0;9.0;1.0;5.0;7.0;a;2;Exp22DM08_inoc1_saisie;4dpi 
Exp22DM08_inoc1_T4_P51;1.0;1.0;9.0;1.0;5.0;7.0;b;2;Exp22DM08_inoc1_saisie;4dpi 
Exp22DM08_inoc1_T4_P51;1.0;1.0;9.0;1.0;7.0;7.0;c;2;Exp22DM08_inoc1_saisie;4dpi 
Exp22DM08_inoc1_T4_P51;7.0;1.0;9.0;1.0;5.0;5.0;a;3;Exp22DM08_inoc1_saisie;4dpi 
Exp22DM08_inoc1_T4_P51;7.0;1.0;9.0;1.0;5.0;5.0;b;3;Exp22DM08_inoc1_saisie;4dpi 
Exp22DM08_inoc1_T4_P51;7.0;1.0;9.0;1.0;5.0;5.0;c;3;Exp22DM08_inoc1_saisie;4dpi 
Exp22DM08_inoc1_T4_P51;7.0;1.0;7.0;0.0;;;a;4;Exp22DM08_inoc1_saisie;4dpi 
Exp22DM08_inoc1_T4_P51;3.0;1.0;7.0;0.0;;;b;4;Exp22DM08_inoc1_saisie;4dpi 
Exp22DM08_inoc1_T4_P51;7.0;1.0;7.0;0.0;;;c;4;Exp22DM08_inoc1_saisie;4dpi 
Exp22DM08_inoc1_T4_P52;3.0;1.0;5.0;0.0;;;a;1;Exp22DM08_inoc1_saisie;4dpi 
Exp22DM08_inoc1_T4_P52;3.0;1.0;5.0;0.0;;;b;1;Exp22DM08_inoc1_saisie;4dpi 
Exp22DM08_inoc1_T4_P52;3.0;1.0;5.0;0.0;;;c;1;Exp22DM08_inoc1_saisie;4dpi 
Exp22DM08_inoc1_T4_P52;9.0;0.0;;1.0;7.0;9.0;a;2;Exp22DM08_inoc1_saisie;4dpi 
Exp22DM08_inoc1_T4_P52;9.0;0.0;;1.0;5.0;7.0;b;2;Exp22DM08_inoc1_saisie;4dpi 
Exp22DM08_inoc1_T4_P52;9.0;0.0;;0.0;;;c;2;Exp22DM08_inoc1_saisie;4dpi 
Exp22DM08_inoc1_T4_P52;9.0;0.0;;1.0;7.0;9.0;a;3;Exp22DM08_inoc1_saisie;4dpi 
Exp22DM08_inoc1_T4_P52;9.0;0.0;;0.0;;;b;3;Exp22DM08_inoc1_saisie;4dpi 
Exp22DM08_inoc1_T4_P52;9.0;0.0;;0.0;;;c;3;Exp22DM08_inoc1_saisie;4dpi 
Exp22DM08_inoc1_T4_P52;9.0;0.0;;1.0;5.0;7.0;a;4;Exp22DM08_inoc1_saisie;4dpi 
Exp22DM08_inoc1_T4_P52;9.0;0.0;;1.0;7.0;7.0;b;4;Exp22DM08_inoc1_saisie;4dpi 
Exp22DM08_inoc1_T4_P52;9.0;0.0;;1.0;7.0;5.0;c;4;Exp22DM08_inoc1_saisie;4dpi 
Exp22DM08_inoc1_T4_P53;9.0;0.0;;0.0;;;a;1;Exp22DM08_inoc1_saisie;4dpi 
Exp22DM08_inoc1_T4_P53;9.0;0.0;;1.0;9.0;7.0;b;1;Exp22DM08_inoc1_saisie;4dpi 
Exp22DM08_inoc1_T4_P53;9.0;0.0;;1.0;7.0;7.0;c;1;Exp22DM08_inoc1_saisie;4dpi 
Exp22DM08_inoc1_T4_P53;9.0;0.0;;1.0;9.0;7.0;a;2;Exp22DM08_inoc1_saisie;4dpi 
Exp22DM08_inoc1_T4_P53;7.0;1.0;9.0;1.0;7.0;5.0;b;2;Exp22DM08_inoc1_saisie;4dpi 
Exp22DM08_inoc1_T4_P53;7.0;1.0;9.0;1.0;7.0;5.0;c;2;Exp22DM08_inoc1_saisie;4dpi 
Exp22DM08_inoc1_T4_P53;7.0;1.0;7.0;0.0;;;a;3;Exp22DM08_inoc1_saisie;4dpi 
Exp22DM08_inoc1_T4_P53;7.0;1.0;7.0;0.0;;;b;3;Exp22DM08_inoc1_saisie;4dpi 
Exp22DM08_inoc1_T4_P53;3.0;1.0;9.0;0.0;;;c;3;Exp22DM08_inoc1_saisie;4dpi 
Exp22DM08_inoc1_T4_P53;9.0;0.0;;0.0;;;a;4;Exp22DM08_inoc1_saisie;4dpi 
Exp22DM08_inoc1_T4_P53;7.0;1.0;9.0;1.0;7.0;7.0;b;4;Exp22DM08_inoc1_saisie;4dpi 
Exp22DM08_inoc1_T4_P53;9.0;0.0;;0.0;;;c;4;Exp22DM08_inoc1_saisie;4dpi 
Exp22DM08_inoc1_T4_P54;3.0;1.0;7.0;0.0;;;a;1;Exp22DM08_inoc1_saisie;4dpi 
Exp22DM08_inoc1_T4_P54;3.0;1.0;7.0;0.0;;;b;1;Exp22DM08_inoc1_saisie;4dpi 
Exp22DM08_inoc1_T4_P54;1.0;1.0;5.0;0.0;;;c;1;Exp22DM08_inoc1_saisie;4dpi 
Exp22DM08_inoc1_T4_P54;7.0;1.0;9.0;1.0;9.0;7.0;a;2;Exp22DM08_inoc1_saisie;4dpi 
Exp22DM08_inoc1_T4_P54;7.0;1.0;9.0;1.0;7.0;7.0;b;2;Exp22DM08_inoc1_saisie;4dpi 
Exp22DM08_inoc1_T4_P54;7.0;1.0;9.0;1.0;7.0;9.0;c;2;Exp22DM08_inoc1_saisie;4dpi 
Exp22DM08_inoc1_T4_P54;5.0;1.0;5.0;0.0;;;a;3;Exp22DM08_inoc1_saisie;4dpi 
Exp22DM08_inoc1_T4_P54;5.0;1.0;5.0;1.0;5.0;7.0;b;3;Exp22DM08_inoc1_saisie;4dpi 
Exp22DM08_inoc1_T4_P54;5.0;1.0;5.0;1.0;5.0;7.0;c;3;Exp22DM08_inoc1_saisie;4dpi 
Exp22DM08_inoc1_T4_P54;7.0;1.0;9.0;1.0;9.0;7.0;a;4;Exp22DM08_inoc1_saisie;4dpi 
Exp22DM08_inoc1_T4_P54;7.0;1.0;9.0;1.0;9.0;7.0;b;4;Exp22DM08_inoc1_saisie;4dpi 
Exp22DM08_inoc1_T4_P54;7.0;1.0;9.0;1.0;9.0;7.0;c;4;Exp22DM08_inoc1_saisie;4dpi 
Exp22DM08_inoc1_T4_P55;7.0;1.0;7.0;0.0;;;a;1;Exp22DM08_inoc1_saisie;4dpi 
Exp22DM08_inoc1_T4_P55;5.0;1.0;5.0;0.0;;;b;1;Exp22DM08_inoc1_saisie;4dpi 
Exp22DM08_inoc1_T4_P55;7.0;1.0;3.0;0.0;;;c;1;Exp22DM08_inoc1_saisie;4dpi 
Exp22DM08_inoc1_T4_P55;5.0;1.0;9.0;0.0;;;a;2;Exp22DM08_inoc1_saisie;4dpi 
Exp22DM08_inoc1_T4_P55;3.0;1.0;7.0;0.0;;;b;2;Exp22DM08_inoc1_saisie;4dpi 
Exp22DM08_inoc1_T4_P55;3.0;1.0;7.0;0.0;;;c;2;Exp22DM08_inoc1_saisie;4dpi 
Exp22DM08_inoc1_T4_P55;7.0;1.0;9.0;0.0;;;a;3;Exp22DM08_inoc1_saisie;4dpi 
Exp22DM08_inoc1_T4_P55;7.0;1.0;9.0;1.0;9.0;9.0;b;3;Exp22DM08_inoc1_saisie;4dpi 
Exp22DM08_inoc1_T4_P55;7.0;1.0;9.0;1.0;9.0;9.0;c;3;Exp22DM08_inoc1_saisie;4dpi 
Exp22DM08_inoc1_T4_P55;7.0;1.0;9.0;0.0;;;a;4;Exp22DM08_inoc1_saisie;4dpi 
Exp22DM08_inoc1_T4_P55;7.0;1.0;9.0;1.0;7.0;9.0;b;4;Exp22DM08_inoc1_saisie;4dpi 
Exp22DM08_inoc1_T4_P55;7.0;1.0;9.0;1.0;9.0;9.0;c;4;Exp22DM08_inoc1_saisie;4dpi 
Exp22DM08_inoc1_T4_P56;9.0;0.0;;0.0;;;a;1;Exp22DM08_inoc1_saisie;4dpi 
Exp22DM08_inoc1_T4_P56;7.0;1.0;9.0;0.0;;;b;1;Exp22DM08_inoc1_saisie;4dpi 
Exp22DM08_inoc1_T4_P56;5.0;1.0;9.0;0.0;;;c;1;Exp22DM08_inoc1_saisie;4dpi 
Exp22DM08_inoc1_T4_P56;5.0;1.0;9.0;1.0;7.0;7.0;a;2;Exp22DM08_inoc1_saisie;4dpi 
Exp22DM08_inoc1_T4_P56;5.0;1.0;5.0;0.0;;;b;2;Exp22DM08_inoc1_saisie;4dpi 
Exp22DM08_inoc1_T4_P56;5.0;1.0;7.0;0.0;;;c;2;Exp22DM08_inoc1_saisie;4dpi 
Exp22DM08_inoc1_T4_P56;7.0;1.0;9.0;0.0;;;a;3;Exp22DM08_inoc1_saisie;4dpi 
Exp22DM08_inoc1_T4_P56;9.0;0.0;;1.0;7.0;5.0;b;3;Exp22DM08_inoc1_saisie;4dpi 
Exp22DM08_inoc1_T4_P56;9.0;0.0;;0.0;;;c;3;Exp22DM08_inoc1_saisie;4dpi 
Exp22DM08_inoc1_T4_P56;7.0;1.0;9.0;1.0;7.0;7.0;a;4;Exp22DM08_inoc1_saisie;4dpi 
Exp22DM08_inoc1_T4_P56;7.0;1.0;9.0;1.0;5.0;7.0;b;4;Exp22DM08_inoc1_saisie;4dpi 
Exp22DM08_inoc1_T4_P56;7.0;1.0;9.0;1.0;7.0;7.0;c;4;Exp22DM08_inoc1_saisie;4dpi 
Exp22DM08_inoc1_T4_P57;5.0;1.0;7.0;0.0;;;a;1;Exp22DM08_inoc1_saisie;4dpi 
Exp22DM08_inoc1_T4_P57;7.0;1.0;7.0;0.0;;;b;1;Exp22DM08_inoc1_saisie;4dpi 
Exp22DM08_inoc1_T4_P57;7.0;1.0;7.0;0.0;;;c;1;Exp22DM08_inoc1_saisie;4dpi 
Exp22DM08_inoc1_T4_P57;3.0;1.0;5.0;0.0;;;a;2;Exp22DM08_inoc1_saisie;4dpi 
Exp22DM08_inoc1_T4_P57;7.0;1.0;5.0;1.0;5.0;7.0;b;2;Exp22DM08_inoc1_saisie;4dpi 
Exp22DM08_inoc1_T4_P57;3.0;1.0;5.0;0.0;;;c;2;Exp22DM08_inoc1_saisie;4dpi 
Exp22DM08_inoc1_T4_P57;7.0;1.0;5.0;0.0;;;a;3;Exp22DM08_inoc1_saisie;4dpi 
Exp22DM08_inoc1_T4_P57;7.0;1.0;5.0;0.0;;;b;3;Exp22DM08_inoc1_saisie;4dpi 
Exp22DM08_inoc1_T4_P57;7.0;1.0;3.0;0.0;;;c;3;Exp22DM08_inoc1_saisie;4dpi 
Exp22DM08_inoc1_T4_P57;7.0;1.0;9.0;1.0;5.0;5.0;a;4;Exp22DM08_inoc1_saisie;4dpi 
Exp22DM08_inoc1_T4_P57;7.0;1.0;9.0;1.0;5.0;7.0;b;4;Exp22DM08_inoc1_saisie;4dpi 
Exp22DM08_inoc1_T4_P57;7.0;1.0;9.0;1.0;7.0;9.0;c;4;Exp22DM08_inoc1_saisie;4dpi 
Exp22DM08_inoc1_T4_P58;5.0;1.0;5.0;0.0;;;a;1;Exp22DM08_inoc1_saisie;4dpi 
Exp22DM08_inoc1_T4_P58;3.0;1.0;5.0;0.0;;;b;1;Exp22DM08_inoc1_saisie;4dpi 
Exp22DM08_inoc1_T4_P58;5.0;1.0;5.0;0.0;;;c;1;Exp22DM08_inoc1_saisie;4dpi 
Exp22DM08_inoc1_T4_P58;9.0;0.0;;0.0;;;a;2;Exp22DM08_inoc1_saisie;4dpi 
Exp22DM08_inoc1_T4_P58;9.0;0.0;;1.0;9.0;7.0;b;2;Exp22DM08_inoc1_saisie;4dpi 
Exp22DM08_inoc1_T4_P58;9.0;0.0;;0.0;;;c;2;Exp22DM08_inoc1_saisie;4dpi 
Exp22DM08_inoc1_T4_P58;5.0;1.0;3.0;0.0;;;a;3;Exp22DM08_inoc1_saisie;4dpi 
Exp22DM08_inoc1_T4_P58;5.0;1.0;3.0;0.0;;;b;3;Exp22DM08_inoc1_saisie;4dpi 
Exp22DM08_inoc1_T4_P58;5.0;1.0;3.0;0.0;;;c;3;Exp22DM08_inoc1_saisie;4dpi 
Exp22DM08_inoc1_T4_P58;5.0;1.0;3.0;0.0;;;a;4;Exp22DM08_inoc1_saisie;4dpi 
Exp22DM08_inoc1_T4_P58;7.0;1.0;3.0;0.0;;;b;4;Exp22DM08_inoc1_saisie;4dpi 
Exp22DM08_inoc1_T4_P58;5.0;1.0;3.0;0.0;;;c;4;Exp22DM08_inoc1_saisie;4dpi 
Exp22DM08_inoc1_T4_P59;9.0;0.0;;1.0;7.0;9.0;a;1;Exp22DM08_inoc1_saisie;4dpi 
Exp22DM08_inoc1_T4_P59;9.0;0.0;;1.0;7.0;9.0;b;1;Exp22DM08_inoc1_saisie;4dpi 
Exp22DM08_inoc1_T4_P59;9.0;0.0;;1.0;9.0;9.0;c;1;Exp22DM08_inoc1_saisie;4dpi 
Exp22DM08_inoc1_T4_P59;3.0;1.0;5.0;0.0;;;a;2;Exp22DM08_inoc1_saisie;4dpi 
Exp22DM08_inoc1_T4_P59;3.0;1.0;5.0;0.0;;;b;2;Exp22DM08_inoc1_saisie;4dpi 
Exp22DM08_inoc1_T4_P59;7.0;1.0;5.0;0.0;;;c;2;Exp22DM08_inoc1_saisie;4dpi 
Exp22DM08_inoc1_T4_P60;3.0;1.0;5.0;1.0;9.0;9.0;a;1;Exp22DM08_inoc1_saisie;4dpi 
Exp22DM08_inoc1_T4_P60;1.0;1.0;3.0;0.0;;;b;1;Exp22DM08_inoc1_saisie;4dpi 
Exp22DM08_inoc1_T4_P60;5.0;1.0;3.0;1.0;9.0;9.0;c;1;Exp22DM08_inoc1_saisie;4dpi 
Exp22DM08_inoc1_T4_P60;7.0;1.0;5.0;0.0;;;a;2;Exp22DM08_inoc1_saisie;4dpi 
Exp22DM08_inoc1_T4_P60;7.0;1.0;5.0;0.0;;;b;2;Exp22DM08_inoc1_saisie;4dpi 
Exp22DM08_inoc1_T4_P60;5.0;1.0;5.0;0.0;;;c;2;Exp22DM08_inoc1_saisie;4dpi 
Exp22DM08_inoc1_T4_P60;7.0;1.0;5.0;1.0;7.0;7.0;a;3;Exp22DM08_inoc1_saisie;4dpi 
Exp22DM08_inoc1_T4_P60;5.0;1.0;7.0;1.0;9.0;7.0;b;3;Exp22DM08_inoc1_saisie;4dpi 
Exp22DM08_inoc1_T4_P60;5.0;1.0;7.0;1.0;7.0;7.0;c;3;Exp22DM08_inoc1_saisie;4dpi 
Exp22DM08_inoc1_T4_P60;9.0;0.0;;1.0;5.0;9.0;a;4;Exp22DM08_inoc1_saisie;4dpi 
Exp22DM08_inoc1_T4_P60;9.0;0.0;;1.0;5.0;9.0;b;4;Exp22DM08_inoc1_saisie;4dpi 
Exp22DM08_inoc1_T4_P60;9.0;0.0;;1.0;5.0;9.0;c;4;Exp22DM08_inoc1_saisie;4dpi 
Exp22DM08_inoc1_T4_P61;9.0;0.0;;1.0;5.0;9.0;a;1;Exp22DM08_inoc1_saisie;4dpi 
Exp22DM08_inoc1_T4_P61;9.0;0.0;;1.0;5.0;9.0;b;1;Exp22DM08_inoc1_saisie;4dpi 
Exp22DM08_inoc1_T4_P61;9.0;0.0;;1.0;7.0;9.0;c;1;Exp22DM08_inoc1_saisie;4dpi 
Exp22DM08_inoc1_T4_P61;9.0;0.0;;1.0;7.0;9.0;a;2;Exp22DM08_inoc1_saisie;4dpi 
Exp22DM08_inoc1_T4_P61;7.0;1.0;7.0;1.0;7.0;7.0;b;2;Exp22DM08_inoc1_saisie;4dpi 
Exp22DM08_inoc1_T4_P61;7.0;1.0;9.0;1.0;7.0;5.0;c;2;Exp22DM08_inoc1_saisie;4dpi 
Exp22DM08_inoc1_T4_P61;5.0;1.0;5.0;0.0;;;a;3;Exp22DM08_inoc1_saisie;4dpi 
Exp22DM08_inoc1_T4_P61;3.0;1.0;5.0;0.0;;;b;3;Exp22DM08_inoc1_saisie;4dpi 
Exp22DM08_inoc1_T4_P61;3.0;1.0;5.0;0.0;;;c;3;Exp22DM08_inoc1_saisie;4dpi 
Exp22DM08_inoc1_T4_P61;7.0;1.0;3.0;1.0;9.0;9.0;a;4;Exp22DM08_inoc1_saisie;4dpi 
Exp22DM08_inoc1_T4_P61;3.0;1.0;3.0;0.0;;;b;4;Exp22DM08_inoc1_saisie;4dpi 
Exp22DM08_inoc1_T4_P61;3.0;1.0;5.0;0.0;;;c;4;Exp22DM08_inoc1_saisie;4dpi 
Exp22DM08_inoc1_T4_P62;5.0;1.0;5.0;1.0;5.0;5.0;a;1;Exp22DM08_inoc1_saisie;4dpi 
Exp22DM08_inoc1_T4_P62;3.0;1.0;5.0;1.0;7.0;5.0;b;1;Exp22DM08_inoc1_saisie;4dpi 
Exp22DM08_inoc1_T4_P62;3.0;1.0;5.0;1.0;7.0;5.0;c;1;Exp22DM08_inoc1_saisie;4dpi 
Exp22DM08_inoc1_T4_P62;3.0;1.0;5.0;1.0;9.0;5.0;a;2;Exp22DM08_inoc1_saisie;4dpi 
Exp22DM08_inoc1_T4_P62;1.0;1.0;5.0;1.0;9.0;9.0;b;2;Exp22DM08_inoc1_saisie;4dpi 
Exp22DM08_inoc1_T4_P62;1.0;1.0;5.0;1.0;9.0;9.0;c;2;Exp22DM08_inoc1_saisie;4dpi 
Exp22DM08_inoc1_T4_P62;3.0;1.0;3.0;0.0;;;a;3;Exp22DM08_inoc1_saisie;4dpi 
Exp22DM08_inoc1_T4_P62;3.0;1.0;3.0;0.0;;;b;3;Exp22DM08_inoc1_saisie;4dpi 
Exp22DM08_inoc1_T4_P62;3.0;1.0;3.0;0.0;;;c;3;Exp22DM08_inoc1_saisie;4dpi 
Exp22DM08_inoc1_T4_P62;7.0;1.0;7.0;1.0;7.0;7.0;a;4;Exp22DM08_inoc1_saisie;4dpi 
Exp22DM08_inoc1_T4_P62;7.0;1.0;7.0;1.0;7.0;7.0;b;4;Exp22DM08_inoc1_saisie;4dpi 
Exp22DM08_inoc1_T4_P62;7.0;1.0;7.0;1.0;7.0;7.0;c;4;Exp22DM08_inoc1_saisie;4dpi 
Exp22DM08_inoc1_T4_P63;7.0;1.0;9.0;1.0;5.0;7.0;a;1;Exp22DM08_inoc1_saisie;4dpi 
Exp22DM08_inoc1_T4_P63;7.0;1.0;9.0;1.0;3.0;5.0;b;1;Exp22DM08_inoc1_saisie;4dpi 
Exp22DM08_inoc1_T4_P63;7.0;1.0;9.0;1.0;3.0;5.0;c;1;Exp22DM08_inoc1_saisie;4dpi 
Exp22DM08_inoc1_T4_P63;9.0;0.0;;1.0;5.0;9.0;a;2;Exp22DM08_inoc1_saisie;4dpi 
Exp22DM08_inoc1_T4_P63;9.0;0.0;;1.0;5.0;9.0;b;2;Exp22DM08_inoc1_saisie;4dpi 
Exp22DM08_inoc1_T4_P63;9.0;0.0;;1.0;5.0;9.0;c;2;Exp22DM08_inoc1_saisie;4dpi 
Exp22DM08_inoc1_T4_P63;3.0;1.0;7.0;0.0;;;a;3;Exp22DM08_inoc1_saisie;4dpi 
Exp22DM08_inoc1_T4_P63;1.0;1.0;7.0;0.0;;;b;3;Exp22DM08_inoc1_saisie;4dpi 
Exp22DM08_inoc1_T4_P63;1.0;1.0;7.0;0.0;;;c;3;Exp22DM08_inoc1_saisie;4dpi 
Exp22DM08_inoc1_T4_P63;3.0;1.0;7.0;0.0;;;a;4;Exp22DM08_inoc1_saisie;4dpi 
Exp22DM08_inoc1_T4_P63;3.0;1.0;7.0;0.0;;;b;4;Exp22DM08_inoc1_saisie;4dpi 
Exp22DM08_inoc1_T4_P63;3.0;1.0;7.0;0.0;;;c;4;Exp22DM08_inoc1_saisie;4dpi 
Exp22DM08_inoc1_T4_P64;7.0;1.0;7.0;1.0;9.0;5.0;a;1;Exp22DM08_inoc1_saisie;4dpi 
Exp22DM08_inoc1_T4_P64;5.0;1.0;5.0;0.0;;;b;1;Exp22DM08_inoc1_saisie;4dpi 
Exp22DM08_inoc1_T4_P64;3.0;1.0;5.0;0.0;;;c;1;Exp22DM08_inoc1_saisie;4dpi 
Exp22DM08_inoc1_T4_P64;3.0;1.0;7.0;0.0;;;a;2;Exp22DM08_inoc1_saisie;4dpi 
Exp22DM08_inoc1_T4_P64;3.0;1.0;7.0;0.0;;;b;2;Exp22DM08_inoc1_saisie;4dpi 
Exp22DM08_inoc1_T4_P64;3.0;1.0;7.0;1.0;9.0;5.0;c;2;Exp22DM08_inoc1_saisie;4dpi 
Exp22DM08_inoc1_T4_P64;3.0;1.0;5.0;1.0;9.0;9.0;a;3;Exp22DM08_inoc1_saisie;4dpi 
Exp22DM08_inoc1_T4_P64;1.0;1.0;5.0;0.0;;;b;3;Exp22DM08_inoc1_saisie;4dpi 
Exp22DM08_inoc1_T4_P64;1.0;1.0;5.0;0.0;;;c;3;Exp22DM08_inoc1_saisie;4dpi 
Exp22DM08_inoc1_T4_P64;7.0;1.0;5.0;0.0;;;a;4;Exp22DM08_inoc1_saisie;4dpi 
Exp22DM08_inoc1_T4_P64;7.0;1.0;5.0;0.0;;;b;4;Exp22DM08_inoc1_saisie;4dpi 
Exp22DM08_inoc1_T4_P64;5.0;1.0;5.0;0.0;;;c;4;Exp22DM08_inoc1_saisie;4dpi 
Exp22DM08_inoc1_T4_P65;9.0;0.0;;1.0;9.0;5.0;a;1;Exp22DM08_inoc1_saisie;4dpi 
Exp22DM08_inoc1_T4_P65;7.0;1.0;9.0;1.0;5.0;5.0;b;1;Exp22DM08_inoc1_saisie;4dpi 
Exp22DM08_inoc1_T4_P65;7.0;1.0;9.0;1.0;5.0;5.0;c;1;Exp22DM08_inoc1_saisie;4dpi 
Exp22DM08_inoc1_T4_P65;9.0;0.0;;1.0;5.0;7.0;a;2;Exp22DM08_inoc1_saisie;4dpi 
Exp22DM08_inoc1_T4_P65;9.0;0.0;;1.0;5.0;7.0;b;2;Exp22DM08_inoc1_saisie;4dpi 
Exp22DM08_inoc1_T4_P65;9.0;0.0;;1.0;5.0;7.0;c;2;Exp22DM08_inoc1_saisie;4dpi 
Exp22DM08_inoc1_T4_P65;9.0;0.0;;1.0;5.0;7.0;a;3;Exp22DM08_inoc1_saisie;4dpi 
Exp22DM08_inoc1_T4_P65;9.0;0.0;;1.0;5.0;9.0;b;3;Exp22DM08_inoc1_saisie;4dpi 
Exp22DM08_inoc1_T4_P65;9.0;0.0;;1.0;7.0;9.0;c;3;Exp22DM08_inoc1_saisie;4dpi 
Exp22DM08_inoc1_T4_P65;5.0;1.0;9.0;1.0;7.0;5.0;a;4;Exp22DM08_inoc1_saisie;4dpi 
Exp22DM08_inoc1_T4_P65;1.0;1.0;7.0;0.0;;;b;4;Exp22DM08_inoc1_saisie;4dpi 
Exp22DM08_inoc1_T4_P65;5.0;1.0;7.0;1.0;9.0;9.0;c;4;Exp22DM08_inoc1_saisie;4dpi 
Exp22DM08_inoc1_T4_P66;1.0;1.0;5.0;0.0;;;a;1;Exp22DM08_inoc1_saisie;4dpi 
Exp22DM08_inoc1_T4_P66;5.0;1.0;7.0;0.0;;;b;1;Exp22DM08_inoc1_saisie;4dpi 
Exp22DM08_inoc1_T4_P66;1.0;1.0;5.0;0.0;;;a;2;Exp22DM08_inoc1_saisie;4dpi 
Exp22DM08_inoc1_T4_P66;1.0;1.0;5.0;0.0;;;b;2;Exp22DM08_inoc1_saisie;4dpi 
Exp22DM08_inoc1_T4_P66;3.0;1.0;5.0;0.0;;;c;2;Exp22DM08_inoc1_saisie;4dpi 
Exp22DM08_inoc1_T4_P66;1.0;1.0;9.0;0.0;;;a;3;Exp22DM08_inoc1_saisie;4dpi 
Exp22DM08_inoc1_T4_P66;1.0;1.0;7.0;0.0;;;b;3;Exp22DM08_inoc1_saisie;4dpi 
Exp22DM08_inoc1_T4_P66;1.0;1.0;9.0;0.0;;;c;3;Exp22DM08_inoc1_saisie;4dpi 
Exp22DM08_inoc1_T4_P66;1.0;1.0;3.0;0.0;;;a;4;Exp22DM08_inoc1_saisie;4dpi 
Exp22DM08_inoc1_T4_P66;3.0;1.0;3.0;0.0;;;b;4;Exp22DM08_inoc1_saisie;4dpi 
Exp22DM08_inoc1_T4_P66;3.0;1.0;3.0;0.0;;;c;4;Exp22DM08_inoc1_saisie;4dpi 
Exp22DM08_inoc1_T4_P67;5.0;1.0;5.0;1.0;7.0;5.0;a;1;Exp22DM08_inoc1_saisie;4dpi 
Exp22DM08_inoc1_T4_P67;3.0;1.0;5.0;1.0;7.0;5.0;b;1;Exp22DM08_inoc1_saisie;4dpi 
Exp22DM08_inoc1_T4_P67;1.0;1.0;5.0;0.0;;;c;1;Exp22DM08_inoc1_saisie;4dpi 
Exp22DM08_inoc1_T4_P67;7.0;1.0;9.0;1.0;7.0;5.0;a;2;Exp22DM08_inoc1_saisie;4dpi 
Exp22DM08_inoc1_T4_P67;5.0;1.0;7.0;1.0;7.0;5.0;b;2;Exp22DM08_inoc1_saisie;4dpi 
Exp22DM08_inoc1_T4_P67;3.0;1.0;5.0;1.0;5.0;5.0;c;2;Exp22DM08_inoc1_saisie;4dpi 
Exp22DM08_inoc1_T4_P67;1.0;1.0;3.0;0.0;;;a;3;Exp22DM08_inoc1_saisie;4dpi 
Exp22DM08_inoc1_T4_P67;3.0;1.0;3.0;0.0;;;b;3;Exp22DM08_inoc1_saisie;4dpi 
Exp22DM08_inoc1_T4_P67;3.0;1.0;3.0;0.0;;;c;3;Exp22DM08_inoc1_saisie;4dpi 
Exp22DM08_inoc1_T4_P67;9.0;0.0;;1.0;9.0;7.0;a;4;Exp22DM08_inoc1_saisie;4dpi 
Exp22DM08_inoc1_T4_P67;7.0;1.0;7.0;1.0;7.0;7.0;b;4;Exp22DM08_inoc1_saisie;4dpi 
Exp22DM08_inoc1_T4_P67;9.0;0.0;;1.0;7.0;9.0;c;4;Exp22DM08_inoc1_saisie;4dpi 
Exp22DM08_inoc1_T4_P68;7.0;1.0;9.0;1.0;7.0;9.0;a;1;Exp22DM08_inoc1_saisie;4dpi 
Exp22DM08_inoc1_T4_P68;7.0;1.0;9.0;1.0;7.0;9.0;b;1;Exp22DM08_inoc1_saisie;4dpi 
Exp22DM08_inoc1_T4_P68;7.0;1.0;9.0;1.0;7.0;9.0;c;1;Exp22DM08_inoc1_saisie;4dpi 
Exp22DM08_inoc1_T4_P68;7.0;1.0;3.0;0.0;;;a;2;Exp22DM08_inoc1_saisie;4dpi 
Exp22DM08_inoc1_T4_P68;1.0;1.0;7.0;0.0;;;b;2;Exp22DM08_inoc1_saisie;4dpi 
Exp22DM08_inoc1_T4_P68;1.0;1.0;5.0;0.0;;;c;2;Exp22DM08_inoc1_saisie;4dpi 
Exp22DM08_inoc1_T4_P68;9.0;0.0;;1.0;5.0;9.0;a;3;Exp22DM08_inoc1_saisie;4dpi 
Exp22DM08_inoc1_T4_P68;9.0;0.0;;1.0;5.0;9.0;b;3;Exp22DM08_inoc1_saisie;4dpi 
Exp22DM08_inoc1_T4_P68;9.0;0.0;;1.0;3.0;9.0;c;3;Exp22DM08_inoc1_saisie;4dpi 
Exp22DM08_inoc1_T4_P68;5.0;1.0;9.0;1.0;9.0;5.0;a;4;Exp22DM08_inoc1_saisie;4dpi 
Exp22DM08_inoc1_T4_P68;5.0;1.0;9.0;1.0;9.0;5.0;b;4;Exp22DM08_inoc1_saisie;4dpi 
Exp22DM08_inoc1_T4_P68;7.0;1.0;9.0;0.0;;;c;4;Exp22DM08_inoc1_saisie;4dpi 
Exp22DM08_inoc1_T4_P69;7.0;1.0;9.0;1.0;3.0;5.0;a;1;Exp22DM08_inoc1_saisie;4dpi 
Exp22DM08_inoc1_T4_P69;7.0;1.0;9.0;1.0;3.0;5.0;b;1;Exp22DM08_inoc1_saisie;4dpi 
Exp22DM08_inoc1_T4_P69;7.0;1.0;9.0;1.0;3.0;5.0;c;1;Exp22DM08_inoc1_saisie;4dpi 
Exp22DM08_inoc1_T4_P69;3.0;1.0;7.0;0.0;;;a;2;Exp22DM08_inoc1_saisie;4dpi 
Exp22DM08_inoc1_T4_P69;3.0;1.0;7.0;0.0;;;b;2;Exp22DM08_inoc1_saisie;4dpi 
Exp22DM08_inoc1_T4_P69;7.0;1.0;7.0;0.0;;;c;2;Exp22DM08_inoc1_saisie;4dpi 
Exp22DM08_inoc1_T4_P69;3.0;1.0;3.0;0.0;;;a;3;Exp22DM08_inoc1_saisie;4dpi 
Exp22DM08_inoc1_T4_P69;1.0;1.0;5.0;0.0;;;b;3;Exp22DM08_inoc1_saisie;4dpi 
Exp22DM08_inoc1_T4_P69;1.0;1.0;5.0;0.0;;;c;3;Exp22DM08_inoc1_saisie;4dpi 
Exp22DM08_inoc1_T4_P69;7.0;1.0;7.0;0.0;;;a;4;Exp22DM08_inoc1_saisie;4dpi 
Exp22DM08_inoc1_T4_P69;1.0;1.0;5.0;0.0;;;b;4;Exp22DM08_inoc1_saisie;4dpi 
Exp22DM08_inoc1_T4_P69;3.0;1.0;5.0;0.0;;;c;4;Exp22DM08_inoc1_saisie;4dpi 
Exp22DM08_inoc1_T4_P70;1.0;1.0;5.0;0.0;;;a;1;Exp22DM08_inoc1_saisie;4dpi 
Exp22DM08_inoc1_T4_P70;1.0;1.0;5.0;0.0;;;b;1;Exp22DM08_inoc1_saisie;4dpi 
Exp22DM08_inoc1_T4_P70;5.0;1.0;5.0;0.0;;;c;1;Exp22DM08_inoc1_saisie;4dpi 
Exp22DM08_inoc1_T4_P70;5.0;1.0;7.0;0.0;;;a;2;Exp22DM08_inoc1_saisie;4dpi 
Exp22DM08_inoc1_T4_P70;5.0;1.0;5.0;0.0;;;b;2;Exp22DM08_inoc1_saisie;4dpi 
Exp22DM08_inoc1_T4_P70;5.0;1.0;7.0;0.0;;;c;2;Exp22DM08_inoc1_saisie;4dpi 
Exp22DM08_inoc1_T4_P70;3.0;1.0;7.0;0.0;;;a;3;Exp22DM08_inoc1_saisie;4dpi 
Exp22DM08_inoc1_T4_P70;1.0;1.0;3.0;0.0;;;b;3;Exp22DM08_inoc1_saisie;4dpi 
Exp22DM08_inoc1_T4_P70;3.0;1.0;5.0;0.0;;;c;3;Exp22DM08_inoc1_saisie;4dpi 
Exp22DM08_inoc1_T4_P70;9.0;0.0;;1.0;7.0;9.0;a;4;Exp22DM08_inoc1_saisie;4dpi 
Exp22DM08_inoc1_T4_P70;7.0;1.0;9.0;1.0;9.0;9.0;b;4;Exp22DM08_inoc1_saisie;4dpi 
Exp22DM08_inoc1_T4_P70;7.0;1.0;9.0;1.0;9.0;9.0;c;4;Exp22DM08_inoc1_saisie;4dpi 
Exp22DM08_inoc1_T4_P71;7.0;1.0;9.0;0.0;;;a;1;Exp22DM08_inoc1_saisie;4dpi 
Exp22DM08_inoc1_T4_P71;7.0;1.0;9.0;1.0;7.0;7.0;b;1;Exp22DM08_inoc1_saisie;4dpi 
Exp22DM08_inoc1_T4_P71;7.0;1.0;9.0;1.0;7.0;7.0;c;1;Exp22DM08_inoc1_saisie;4dpi 
Exp22DM08_inoc1_T4_P71;5.0;1.0;5.0;0.0;;;a;2;Exp22DM08_inoc1_saisie;4dpi 
Exp22DM08_inoc1_T4_P71;1.0;1.0;5.0;0.0;;;b;2;Exp22DM08_inoc1_saisie;4dpi 
Exp22DM08_inoc1_T4_P71;3.0;1.0;5.0;0.0;;;c;2;Exp22DM08_inoc1_saisie;4dpi 
Exp22DM08_inoc1_T4_P71;1.0;1.0;5.0;0.0;;;a;3;Exp22DM08_inoc1_saisie;4dpi 
Exp22DM08_inoc1_T4_P71;1.0;1.0;5.0;0.0;;;b;3;Exp22DM08_inoc1_saisie;4dpi 
Exp22DM08_inoc1_T4_P71;1.0;1.0;5.0;0.0;;;c;3;Exp22DM08_inoc1_saisie;4dpi 
Exp22DM08_inoc1_T4_P71;1.0;1.0;5.0;0.0;;;a;4;Exp22DM08_inoc1_saisie;4dpi 
Exp22DM08_inoc1_T4_P71;3.0;1.0;5.0;0.0;;;b;4;Exp22DM08_inoc1_saisie;4dpi 
Exp22DM08_inoc1_T4_P71;3.0;1.0;5.0;0.0;;;c;4;Exp22DM08_inoc1_saisie;4dpi 
Exp22DM08_inoc1_T4_P72;3.0;1.0;7.0;0.0;;;a;1;Exp22DM08_inoc1_saisie;4dpi 
Exp22DM08_inoc1_T4_P72;3.0;1.0;5.0;0.0;;;b;1;Exp22DM08_inoc1_saisie;4dpi 
Exp22DM08_inoc1_T4_P72;3.0;1.0;5.0;0.0;;;c;1;Exp22DM08_inoc1_saisie;4dpi 
Exp22DM08_inoc1_T4_P72;7.0;1.0;9.0;1.0;7.0;9.0;a;2;Exp22DM08_inoc1_saisie;4dpi 
Exp22DM08_inoc1_T4_P72;7.0;1.0;9.0;1.0;5.0;7.0;b;2;Exp22DM08_inoc1_saisie;4dpi 
Exp22DM08_inoc1_T4_P72;7.0;1.0;9.0;1.0;5.0;7.0;c;2;Exp22DM08_inoc1_saisie;4dpi 
Exp22DM08_inoc1_T4_P72;5.0;1.0;7.0;0.0;;;a;3;Exp22DM08_inoc1_saisie;4dpi 
Exp22DM08_inoc1_T4_P72;7.0;1.0;7.0;0.0;;;a;4;Exp22DM08_inoc1_saisie;4dpi 
Exp22DM08_inoc1_T4_P72;7.0;1.0;7.0;1.0;9.0;9.0;b;4;Exp22DM08_inoc1_saisie;4dpi 
Exp22DM08_inoc1_T4_P72;7.0;1.0;7.0;0.0;;;c;4;Exp22DM08_inoc1_saisie;4dpi 
Exp22DM08_inoc1_T4_P73;9.0;0.0;;0.0;;;a;1;Exp22DM08_inoc1_saisie;4dpi 
Exp22DM08_inoc1_T4_P73;5.0;1.0;5.0;0.0;;;b;1;Exp22DM08_inoc1_saisie;4dpi 
Exp22DM08_inoc1_T4_P73;7.0;1.0;5.0;0.0;;;c;1;Exp22DM08_inoc1_saisie;4dpi 
Exp22DM08_inoc1_T4_P73;1.0;1.0;5.0;0.0;;;a;2;Exp22DM08_inoc1_saisie;4dpi 
Exp22DM08_inoc1_T4_P73;1.0;1.0;5.0;0.0;;;b;2;Exp22DM08_inoc1_saisie;4dpi 
Exp22DM08_inoc1_T4_P73;1.0;1.0;5.0;0.0;;;c;2;Exp22DM08_inoc1_saisie;4dpi 
Exp22DM08_inoc1_T4_P73;1.0;1.0;5.0;0.0;;;a;3;Exp22DM08_inoc1_saisie;4dpi 
Exp22DM08_inoc1_T4_P73;3.0;1.0;5.0;0.0;;;b;3;Exp22DM08_inoc1_saisie;4dpi 
Exp22DM08_inoc1_T4_P73;3.0;1.0;5.0;0.0;;;c;3;Exp22DM08_inoc1_saisie;4dpi 
Exp22DM08_inoc1_T4_P73;3.0;1.0;7.0;0.0;;;a;4;Exp22DM08_inoc1_saisie;4dpi 
Exp22DM08_inoc1_T4_P73;5.0;1.0;7.0;1.0;7.0;5.0;b;4;Exp22DM08_inoc1_saisie;4dpi 
Exp22DM08_inoc1_T4_P73;5.0;1.0;7.0;1.0;9.0;9.0;c;4;Exp22DM08_inoc1_saisie;4dpi 
Exp22DM08_inoc1_T4_P74;3.0;1.0;5.0;0.0;;;a;1;Exp22DM08_inoc1_saisie;4dpi 
Exp22DM08_inoc1_T4_P74;5.0;1.0;5.0;0.0;;;b;1;Exp22DM08_inoc1_saisie;4dpi 
Exp22DM08_inoc1_T4_P74;3.0;1.0;5.0;0.0;;;c;1;Exp22DM08_inoc1_saisie;4dpi 
Exp22DM08_inoc1_T4_P74;7.0;1.0;9.0;0.0;;;a;2;Exp22DM08_inoc1_saisie;4dpi 
Exp22DM08_inoc1_T4_P74;5.0;1.0;7.0;0.0;;;b;2;Exp22DM08_inoc1_saisie;4dpi 
Exp22DM08_inoc1_T4_P74;5.0;1.0;7.0;0.0;;;c;2;Exp22DM08_inoc1_saisie;4dpi 
Exp22DM08_inoc1_T4_P74;5.0;1.0;7.0;0.0;;;a;3;Exp22DM08_inoc1_saisie;4dpi 
Exp22DM08_inoc1_T4_P74;3.0;1.0;5.0;0.0;;;b;3;Exp22DM08_inoc1_saisie;4dpi 
Exp22DM08_inoc1_T4_P74;3.0;1.0;5.0;0.0;;;c;3;Exp22DM08_inoc1_saisie;4dpi 
Exp22DM08_inoc1_T4_P74;5.0;1.0;7.0;0.0;;;a;4;Exp22DM08_inoc1_saisie;4dpi 
Exp22DM08_inoc1_T4_P74;5.0;1.0;7.0;0.0;;;b;4;Exp22DM08_inoc1_saisie;4dpi 
Exp22DM08_inoc1_T4_P74;3.0;1.0;7.0;0.0;;;c;4;Exp22DM08_inoc1_saisie;4dpi 
Exp22DM08_inoc1_T4_P75;9.0;0.0;;1.0;7.0;7.0;a;1;Exp22DM08_inoc1_saisie;4dpi 
Exp22DM08_inoc1_T4_P75;9.0;0.0;;1.0;7.0;7.0;b;1;Exp22DM08_inoc1_saisie;4dpi 
Exp22DM08_inoc1_T4_P75;7.0;1.0;7.0;1.0;7.0;7.0;c;1;Exp22DM08_inoc1_saisie;4dpi 
Exp22DM08_inoc1_T4_P75;7.0;1.0;7.0;0.0;;;a;2;Exp22DM08_inoc1_saisie;4dpi 
Exp22DM08_inoc1_T4_P75;5.0;1.0;9.0;0.0;;;b;2;Exp22DM08_inoc1_saisie;4dpi 
Exp22DM08_inoc1_T4_P75;5.0;1.0;9.0;0.0;;;c;2;Exp22DM08_inoc1_saisie;4dpi 
Exp22DM08_inoc1_T4_P75;1.0;1.0;5.0;0.0;;;a;3;Exp22DM08_inoc1_saisie;4dpi 
Exp22DM08_inoc1_T4_P75;1.0;1.0;3.0;0.0;;;b;3;Exp22DM08_inoc1_saisie;4dpi 
Exp22DM08_inoc1_T4_P75;3.0;1.0;3.0;0.0;;;c;3;Exp22DM08_inoc1_saisie;4dpi 
Exp22DM08_inoc1_T4_P75;7.0;1.0;7.0;1.0;5.0;9.0;a;4;Exp22DM08_inoc1_saisie;4dpi 
Exp22DM08_inoc1_T4_P75;7.0;1.0;9.0;1.0;7.0;5.0;b;4;Exp22DM08_inoc1_saisie;4dpi 
Exp22DM08_inoc1_T4_P75;7.0;1.0;9.0;1.0;9.0;7.0;c;4;Exp22DM08_inoc1_saisie;4dpi 
Exp22DM08_inoc1_T4_P76;5.0;1.0;3.0;0.0;;;a;1;Exp22DM08_inoc1_saisie;4dpi 
Exp22DM08_inoc1_T4_P76;3.0;1.0;3.0;0.0;;;b;1;Exp22DM08_inoc1_saisie;4dpi 
Exp22DM08_inoc1_T4_P76;1.0;1.0;5.0;0.0;;;c;1;Exp22DM08_inoc1_saisie;4dpi 
Exp22DM08_inoc1_T4_P76;7.0;1.0;9.0;0.0;;;a;2;Exp22DM08_inoc1_saisie;4dpi 
Exp22DM08_inoc1_T4_P76;7.0;1.0;7.0;0.0;;;b;2;Exp22DM08_inoc1_saisie;4dpi 
Exp22DM08_inoc1_T4_P76;7.0;1.0;7.0;0.0;;;c;2;Exp22DM08_inoc1_saisie;4dpi 
Exp22DM08_inoc1_T4_P76;1.0;1.0;5.0;0.0;;;a;3;Exp22DM08_inoc1_saisie;4dpi 
Exp22DM08_inoc1_T4_P76;1.0;1.0;5.0;0.0;;;b;3;Exp22DM08_inoc1_saisie;4dpi 
Exp22DM08_inoc1_T4_P76;5.0;1.0;5.0;0.0;;;c;3;Exp22DM08_inoc1_saisie;4dpi 
Exp22DM08_inoc1_T4_P76;1.0;1.0;5.0;0.0;;;a;4;Exp22DM08_inoc1_saisie;4dpi 
Exp22DM08_inoc1_T4_P76;1.0;1.0;5.0;0.0;;;b;4;Exp22DM08_inoc1_saisie;4dpi 
Exp22DM08_inoc1_T4_P76;3.0;1.0;5.0;0.0;;;c;4;Exp22DM08_inoc1_saisie;4dpi 
Exp22DM08_inoc1_T4_P77;7.0;1.0;9.0;1.0;7.0;7.0;a;1;Exp22DM08_inoc1_saisie;4dpi 
Exp22DM08_inoc1_T4_P77;5.0;1.0;9.0;1.0;7.0;7.0;b;1;Exp22DM08_inoc1_saisie;4dpi 
Exp22DM08_inoc1_T4_P77;5.0;1.0;9.0;1.0;7.0;7.0;c;1;Exp22DM08_inoc1_saisie;4dpi 
Exp22DM08_inoc1_T4_P77;5.0;1.0;7.0;0.0;;;a;2;Exp22DM08_inoc1_saisie;4dpi 
Exp22DM08_inoc1_T4_P77;5.0;1.0;7.0;0.0;;;b;2;Exp22DM08_inoc1_saisie;4dpi 
Exp22DM08_inoc1_T4_P77;5.0;1.0;7.0;0.0;;;c;2;Exp22DM08_inoc1_saisie;4dpi 
Exp22DM08_inoc1_T4_P77;5.0;1.0;9.0;0.0;;;a;3;Exp22DM08_inoc1_saisie;4dpi 
Exp22DM08_inoc1_T4_P77;5.0;1.0;9.0;0.0;;;b;3;Exp22DM08_inoc1_saisie;4dpi 
Exp22DM08_inoc1_T4_P77;5.0;1.0;9.0;1.0;9.0;5.0;c;3;Exp22DM08_inoc1_saisie;4dpi 
Exp22DM08_inoc1_T4_P77;3.0;1.0;3.0;0.0;;;a;4;Exp22DM08_inoc1_saisie;4dpi 
Exp22DM08_inoc1_T4_P77;3.0;1.0;3.0;0.0;;;b;4;Exp22DM08_inoc1_saisie;4dpi 
Exp22DM08_inoc1_T4_P77;3.0;1.0;3.0;0.0;;;c;4;Exp22DM08_inoc1_saisie;4dpi 
Exp22DM08_inoc1_T4_P78;7.0;1.0;9.0;1.0;5.0;7.0;a;1;Exp22DM08_inoc1_saisie;4dpi 
Exp22DM08_inoc1_T4_P78;7.0;1.0;9.0;1.0;5.0;7.0;b;1;Exp22DM08_inoc1_saisie;4dpi 
Exp22DM08_inoc1_T4_P78;7.0;1.0;9.0;1.0;3.0;5.0;c;1;Exp22DM08_inoc1_saisie;4dpi 
Exp22DM08_inoc1_T4_P78;7.0;1.0;9.0;1.0;5.0;5.0;a;2;Exp22DM08_inoc1_saisie;4dpi 
Exp22DM08_inoc1_T4_P78;7.0;1.0;9.0;1.0;9.0;7.0;b;2;Exp22DM08_inoc1_saisie;4dpi 
Exp22DM08_inoc1_T4_P78;7.0;1.0;9.0;1.0;5.0;5.0;c;2;Exp22DM08_inoc1_saisie;4dpi 
Exp22DM08_inoc1_T4_P78;7.0;1.0;9.0;1.0;5.0;7.0;a;3;Exp22DM08_inoc1_saisie;4dpi 
Exp22DM08_inoc1_T4_P78;7.0;1.0;9.0;1.0;7.0;9.0;b;3;Exp22DM08_inoc1_saisie;4dpi 
Exp22DM08_inoc1_T4_P78;7.0;1.0;9.0;1.0;5.0;7.0;c;3;Exp22DM08_inoc1_saisie;4dpi 
Exp22DM08_inoc1_T4_P78;7.0;1.0;9.0;1.0;7.0;9.0;a;4;Exp22DM08_inoc1_saisie;4dpi 
Exp22DM08_inoc1_T4_P78;7.0;1.0;9.0;0.0;;;b;4;Exp22DM08_inoc1_saisie;4dpi 
Exp22DM08_inoc1_T4_P78;7.0;1.0;9.0;0.0;;;c;4;Exp22DM08_inoc1_saisie;4dpi 
Exp22DM08_inoc1_T4_P79;7.0;1.0;3.0;0.0;;;a;1;Exp22DM08_inoc1_saisie;4dpi 
Exp22DM08_inoc1_T4_P79;3.0;1.0;5.0;0.0;;;b;1;Exp22DM08_inoc1_saisie;4dpi 
Exp22DM08_inoc1_T4_P79;1.0;1.0;3.0;0.0;;;c;1;Exp22DM08_inoc1_saisie;4dpi 
Exp22DM08_inoc1_T4_P79;3.0;1.0;5.0;1.0;7.0;7.0;a;2;Exp22DM08_inoc1_saisie;4dpi 
Exp22DM08_inoc1_T4_P79;3.0;1.0;5.0;1.0;7.0;7.0;b;2;Exp22DM08_inoc1_saisie;4dpi 
Exp22DM08_inoc1_T4_P79;5.0;1.0;3.0;1.0;5.0;7.0;c;2;Exp22DM08_inoc1_saisie;4dpi 
Exp22DM08_inoc1_T4_P79;1.0;1.0;3.0;0.0;;;a;3;Exp22DM08_inoc1_saisie;4dpi 
Exp22DM08_inoc1_T4_P79;1.0;1.0;5.0;0.0;;;b;3;Exp22DM08_inoc1_saisie;4dpi 
Exp22DM08_inoc1_T4_P79;1.0;1.0;3.0;0.0;;;c;3;Exp22DM08_inoc1_saisie;4dpi 
Exp22DM08_inoc1_T4_P79;5.0;1.0;7.0;1.0;7.0;7.0;a;4;Exp22DM08_inoc1_saisie;4dpi 
Exp22DM08_inoc1_T4_P79;5.0;1.0;7.0;0.0;;;b;4;Exp22DM08_inoc1_saisie;4dpi 
Exp22DM08_inoc1_T4_P79;5.0;1.0;7.0;0.0;;;c;4;Exp22DM08_inoc1_saisie;4dpi 
Exp22DM08_inoc1_T4_P80;7.0;1.0;3.0;0.0;;;a;1;Exp22DM08_inoc1_saisie;4dpi 
Exp22DM08_inoc1_T4_P80;5.0;1.0;3.0;0.0;;;b;1;Exp22DM08_inoc1_saisie;4dpi 
Exp22DM08_inoc1_T4_P80;5.0;1.0;3.0;0.0;;;c;1;Exp22DM08_inoc1_saisie;4dpi 
Exp22DM08_inoc1_T4_P80;3.0;1.0;7.0;0.0;;;a;2;Exp22DM08_inoc1_saisie;4dpi 
Exp22DM08_inoc1_T4_P80;5.0;1.0;9.0;0.0;;;b;2;Exp22DM08_inoc1_saisie;4dpi 
Exp22DM08_inoc1_T4_P80;5.0;1.0;9.0;1.0;7.0;7.0;c;2;Exp22DM08_inoc1_saisie;4dpi 
Exp22DM08_inoc1_T4_P80;5.0;1.0;9.0;1.0;7.0;7.0;a;3;Exp22DM08_inoc1_saisie;4dpi 
Exp22DM08_inoc1_T4_P80;5.0;1.0;9.0;1.0;7.0;7.0;b;3;Exp22DM08_inoc1_saisie;4dpi 
Exp22DM08_inoc1_T4_P80;5.0;1.0;9.0;1.0;7.0;7.0;c;3;Exp22DM08_inoc1_saisie;4dpi 
Exp22DM08_inoc1_T4_P80;3.0;1.0;3.0;0.0;;;a;4;Exp22DM08_inoc1_saisie;4dpi 
Exp22DM08_inoc1_T4_P80;3.0;1.0;3.0;0.0;;;b;4;Exp22DM08_inoc1_saisie;4dpi 
Exp22DM08_inoc1_T4_P80;1.0;1.0;3.0;0.0;;;c;4;Exp22DM08_inoc1_saisie;4dpi 
Exp22DM08_inoc1_T4_P81;3.0;1.0;3.0;0.0;;;a;1;Exp22DM08_inoc1_saisie;4dpi 
Exp22DM08_inoc1_T4_P81;3.0;1.0;5.0;0.0;;;b;1;Exp22DM08_inoc1_saisie;4dpi 
Exp22DM08_inoc1_T4_P81;3.0;1.0;3.0;0.0;;;c;1;Exp22DM08_inoc1_saisie;4dpi 
Exp22DM08_inoc1_T4_P81;5.0;1.0;9.0;0.0;;;a;2;Exp22DM08_inoc1_saisie;4dpi 
Exp22DM08_inoc1_T4_P81;5.0;1.0;9.0;0.0;;;b;2;Exp22DM08_inoc1_saisie;4dpi 
Exp22DM08_inoc1_T4_P81;5.0;1.0;9.0;0.0;;;c;2;Exp22DM08_inoc1_saisie;4dpi 
Exp22DM08_inoc1_T4_P81;7.0;1.0;9.0;1.0;5.0;5.0;a;3;Exp22DM08_inoc1_saisie;4dpi 
Exp22DM08_inoc1_T4_P81;7.0;1.0;7.0;0.0;;;b;3;Exp22DM08_inoc1_saisie;4dpi 
Exp22DM08_inoc1_T4_P81;3.0;1.0;7.0;0.0;;;c;3;Exp22DM08_inoc1_saisie;4dpi 
Exp22DM08_inoc1_T4_P81;9.0;0.0;;1.0;3.0;5.0;a;4;Exp22DM08_inoc1_saisie;4dpi 
Exp22DM08_inoc1_T4_P81;9.0;0.0;;1.0;3.0;7.0;b;4;Exp22DM08_inoc1_saisie;4dpi 
Exp22DM08_inoc1_T4_P81;9.0;0.0;;1.0;5.0;5.0;c;4;Exp22DM08_inoc1_saisie;4dpi 
Exp22DM08_inoc1_T4_P82;7.0;1.0;9.0;1.0;3.0;7.0;a;1;Exp22DM08_inoc1_saisie;4dpi 
Exp22DM08_inoc1_T4_P82;9.0;0.0;;1.0;3.0;7.0;b;1;Exp22DM08_inoc1_saisie;4dpi 
Exp22DM08_inoc1_T4_P82;9.0;0.0;;1.0;3.0;7.0;c;1;Exp22DM08_inoc1_saisie;4dpi 
Exp22DM08_inoc1_T4_P82;7.0;1.0;7.0;1.0;7.0;9.0;a;2;Exp22DM08_inoc1_saisie;4dpi 
Exp22DM08_inoc1_T4_P82;5.0;1.0;7.0;1.0;3.0;7.0;b;2;Exp22DM08_inoc1_saisie;4dpi 
Exp22DM08_inoc1_T4_P82;5.0;1.0;7.0;1.0;5.0;5.0;c;2;Exp22DM08_inoc1_saisie;4dpi 
Exp22DM08_inoc1_T4_P82;5.0;1.0;9.0;0.0;;;a;3;Exp22DM08_inoc1_saisie;4dpi 
Exp22DM08_inoc1_T4_P82;3.0;1.0;7.0;0.0;;;b;3;Exp22DM08_inoc1_saisie;4dpi 
Exp22DM08_inoc1_T4_P82;5.0;1.0;9.0;0.0;;;c;3;Exp22DM08_inoc1_saisie;4dpi 
Exp22DM08_inoc1_T4_P82;5.0;1.0;7.0;0.0;;;a;4;Exp22DM08_inoc1_saisie;4dpi 
Exp22DM08_inoc1_T4_P82;3.0;1.0;7.0;0.0;;;b;4;Exp22DM08_inoc1_saisie;4dpi 
Exp22DM08_inoc1_T4_P82;3.0;1.0;7.0;0.0;;;c;4;Exp22DM08_inoc1_saisie;4dpi 
Exp22DM08_inoc1_T4_P83;3.0;1.0;7.0;1.0;7.0;7.0;a;1;Exp22DM08_inoc1_saisie;4dpi 
Exp22DM08_inoc1_T4_P83;3.0;1.0;5.0;1.0;9.0;9.0;b;1;Exp22DM08_inoc1_saisie;4dpi 
Exp22DM08_inoc1_T4_P83;3.0;1.0;5.0;0.0;;;c;1;Exp22DM08_inoc1_saisie;4dpi 
Exp22DM08_inoc1_T4_P83;7.0;1.0;9.0;1.0;9.0;7.0;a;2;Exp22DM08_inoc1_saisie;4dpi 
Exp22DM08_inoc1_T4_P83;5.0;1.0;9.0;1.0;7.0;7.0;b;2;Exp22DM08_inoc1_saisie;4dpi 
Exp22DM08_inoc1_T4_P83;7.0;1.0;9.0;1.0;7.0;9.0;c;2;Exp22DM08_inoc1_saisie;4dpi 
Exp22DM08_inoc1_T4_P83;3.0;1.0;7.0;1.0;5.0;5.0;a;3;Exp22DM08_inoc1_saisie;4dpi 
Exp22DM08_inoc1_T4_P83;5.0;1.0;7.0;1.0;7.0;7.0;b;3;Exp22DM08_inoc1_saisie;4dpi 
Exp22DM08_inoc1_T4_P83;3.0;1.0;7.0;1.0;9.0;5.0;c;3;Exp22DM08_inoc1_saisie;4dpi 
Exp22DM08_inoc1_T4_P83;5.0;1.0;9.0;0.0;;;a;4;Exp22DM08_inoc1_saisie;4dpi 
Exp22DM08_inoc1_T4_P83;5.0;1.0;9.0;0.0;;;b;4;Exp22DM08_inoc1_saisie;4dpi 
Exp22DM08_inoc1_T4_P83;7.0;1.0;9.0;0.0;;;c;4;Exp22DM08_inoc1_saisie;4dpi 
Exp22DM08_inoc1_T4_P84;3.0;1.0;5.0;0.0;;;a;1;Exp22DM08_inoc1_saisie;4dpi 
Exp22DM08_inoc1_T4_P84;3.0;1.0;5.0;0.0;;;b;1;Exp22DM08_inoc1_saisie;4dpi 
Exp22DM08_inoc1_T4_P84;3.0;1.0;7.0;0.0;;;c;1;Exp22DM08_inoc1_saisie;4dpi 
Exp22DM08_inoc1_T4_P84;3.0;1.0;7.0;1.0;5.0;5.0;a;2;Exp22DM08_inoc1_saisie;4dpi 
Exp22DM08_inoc1_T4_P84;3.0;1.0;7.0;1.0;5.0;5.0;b;2;Exp22DM08_inoc1_saisie;4dpi 
Exp22DM08_inoc1_T4_P84;3.0;1.0;7.0;0.0;;;c;2;Exp22DM08_inoc1_saisie;4dpi 
Exp22DM08_inoc1_T4_P84;7.0;1.0;9.0;0.0;;;a;3;Exp22DM08_inoc1_saisie;4dpi 
Exp22DM08_inoc1_T4_P84;7.0;1.0;9.0;0.0;;;b;3;Exp22DM08_inoc1_saisie;4dpi 
Exp22DM08_inoc1_T4_P84;7.0;1.0;9.0;1.0;7.0;7.0;c;3;Exp22DM08_inoc1_saisie;4dpi 
Exp22DM08_inoc1_T4_P84;3.0;1.0;7.0;0.0;;;a;4;Exp22DM08_inoc1_saisie;4dpi 
Exp22DM08_inoc1_T4_P84;3.0;1.0;5.0;0.0;;;b;4;Exp22DM08_inoc1_saisie;4dpi 
Exp22DM08_inoc1_T4_P84;3.0;1.0;5.0;0.0;;;c;4;Exp22DM08_inoc1_saisie;4dpi 
Exp22DM08_inoc1_T4_P85;7.0;1.0;9.0;1.0;3.0;7.0;a;1;Exp22DM08_inoc1_saisie;4dpi 
Exp22DM08_inoc1_T4_P85;5.0;1.0;7.0;1.0;5.0;5.0;b;1;Exp22DM08_inoc1_saisie;4dpi 
Exp22DM08_inoc1_T4_P85;7.0;1.0;7.0;1.0;9.0;7.0;c;1;Exp22DM08_inoc1_saisie;4dpi 
Exp22DM08_inoc1_T4_P85;3.0;1.0;5.0;0.0;;;a;2;Exp22DM08_inoc1_saisie;4dpi 
Exp22DM08_inoc1_T4_P85;3.0;1.0;5.0;0.0;;;b;2;Exp22DM08_inoc1_saisie;4dpi 
Exp22DM08_inoc1_T4_P85;3.0;1.0;5.0;0.0;;;c;2;Exp22DM08_inoc1_saisie;4dpi 
Exp22DM08_inoc1_T4_P85;5.0;1.0;5.0;0.0;;;a;3;Exp22DM08_inoc1_saisie;4dpi 
Exp22DM08_inoc1_T4_P85;5.0;1.0;5.0;1.0;7.0;7.0;b;3;Exp22DM08_inoc1_saisie;4dpi 
Exp22DM08_inoc1_T4_P85;3.0;1.0;5.0;0.0;;;c;3;Exp22DM08_inoc1_saisie;4dpi 
Exp22DM08_inoc1_T4_P85;7.0;1.0;7.0;1.0;3.0;5.0;a;4;Exp22DM08_inoc1_saisie;4dpi 
Exp22DM08_inoc1_T4_P85;7.0;1.0;7.0;1.0;3.0;5.0;b;4;Exp22DM08_inoc1_saisie;4dpi 
Exp22DM08_inoc1_T4_P85;7.0;1.0;9.0;1.0;3.0;5.0;c;4;Exp22DM08_inoc1_saisie;4dpi 
Exp22DM08_inoc1_T4_P86;3.0;1.0;5.0;0.0;;;a;1;Exp22DM08_inoc1_saisie;4dpi 
Exp22DM08_inoc1_T4_P86;3.0;1.0;5.0;0.0;;;b;1;Exp22DM08_inoc1_saisie;4dpi 
Exp22DM08_inoc1_T4_P86;1.0;1.0;5.0;0.0;;;c;1;Exp22DM08_inoc1_saisie;4dpi 
Exp22DM08_inoc1_T4_P86;3.0;1.0;7.0;0.0;;;a;2;Exp22DM08_inoc1_saisie;4dpi 
Exp22DM08_inoc1_T4_P86;5.0;1.0;7.0;1.0;9.0;9.0;b;2;Exp22DM08_inoc1_saisie;4dpi 
Exp22DM08_inoc1_T4_P86;3.0;1.0;7.0;0.0;;;c;2;Exp22DM08_inoc1_saisie;4dpi 
Exp22DM08_inoc1_T4_P86;5.0;1.0;7.0;1.0;7.0;9.0;a;3;Exp22DM08_inoc1_saisie;4dpi 
Exp22DM08_inoc1_T4_P86;3.0;1.0;7.0;1.0;5.0;7.0;b;3;Exp22DM08_inoc1_saisie;4dpi 
Exp22DM08_inoc1_T4_P86;3.0;1.0;7.0;1.0;5.0;7.0;c;3;Exp22DM08_inoc1_saisie;4dpi 
Exp22DM08_inoc1_T4_P86;7.0;1.0;9.0;1.0;5.0;5.0;a;4;Exp22DM08_inoc1_saisie;4dpi 
Exp22DM08_inoc1_T4_P86;7.0;1.0;9.0;1.0;7.0;7.0;b;4;Exp22DM08_inoc1_saisie;4dpi 
Exp22DM08_inoc1_T4_P86;7.0;1.0;9.0;0.0;;;c;4;Exp22DM08_inoc1_saisie;4dpi 
Exp22DM08_inoc1_T4_P87;5.0;1.0;5.0;0.0;;;a;1;Exp22DM08_inoc1_saisie;4dpi 
Exp22DM08_inoc1_T4_P87;5.0;1.0;5.0;0.0;;;b;1;Exp22DM08_inoc1_saisie;4dpi 
Exp22DM08_inoc1_T4_P87;3.0;1.0;5.0;0.0;;;c;1;Exp22DM08_inoc1_saisie;4dpi 
Exp22DM08_inoc1_T4_P87;5.0;1.0;3.0;0.0;;;a;2;Exp22DM08_inoc1_saisie;4dpi 
Exp22DM08_inoc1_T4_P87;3.0;1.0;3.0;0.0;;;b;2;Exp22DM08_inoc1_saisie;4dpi 
Exp22DM08_inoc1_T4_P87;5.0;1.0;3.0;0.0;;;c;2;Exp22DM08_inoc1_saisie;4dpi 
Exp22DM08_inoc1_T4_P87;1.0;1.0;3.0;0.0;;;a;3;Exp22DM08_inoc1_saisie;4dpi 
Exp22DM08_inoc1_T4_P87;5.0;1.0;3.0;0.0;;;b;3;Exp22DM08_inoc1_saisie;4dpi 
Exp22DM08_inoc1_T4_P87;5.0;1.0;5.0;0.0;;;c;3;Exp22DM08_inoc1_saisie;4dpi 
Exp22DM08_inoc1_T4_P87;1.0;1.0;5.0;0.0;;;a;4;Exp22DM08_inoc1_saisie;4dpi 
Exp22DM08_inoc1_T4_P87;3.0;1.0;7.0;0.0;;;b;4;Exp22DM08_inoc1_saisie;4dpi 
Exp22DM08_inoc1_T4_P87;5.0;1.0;5.0;0.0;;;c;4;Exp22DM08_inoc1_saisie;4dpi 
Exp22DM08_inoc1_T4_P88;7.0;1.0;7.0;1.0;7.0;9.0;a;1;Exp22DM08_inoc1_saisie;4dpi 
Exp22DM08_inoc1_T4_P88;7.0;1.0;7.0;1.0;7.0;9.0;b;1;Exp22DM08_inoc1_saisie;4dpi 
Exp22DM08_inoc1_T4_P88;7.0;1.0;7.0;1.0;9.0;9.0;c;1;Exp22DM08_inoc1_saisie;4dpi 
Exp22DM08_inoc1_T4_P88;7.0;1.0;9.0;0.0;;;a;2;Exp22DM08_inoc1_saisie;4dpi 
Exp22DM08_inoc1_T4_P88;7.0;1.0;7.0;0.0;;;b;2;Exp22DM08_inoc1_saisie;4dpi 
Exp22DM08_inoc1_T4_P88;5.0;1.0;7.0;0.0;;;c;2;Exp22DM08_inoc1_saisie;4dpi 
