nomphoto,oiv,s,sq,n,fn,tn,ligne,colonne,exp,sheet
Exp16DM07-Rep1-P1,3.0,1.0,3.0,,,,a,1,Exp16DM07_rep1_saisie,fichier total
Exp16DM07-Rep1-P1,3.0,1.0,3.0,,,,b,1,Exp16DM07_rep1_saisie,fichier total
Exp16DM07-Rep1-P1,1.0,1.0,3.0,,,,c,1,Exp16DM07_rep1_saisie,fichier total
Exp16DM07-Rep1-P1,3.0,1.0,1.0,,,,a,2,Exp16DM07_rep1_saisie,fichier total
Exp16DM07-Rep1-P1,1.0,1.0,1.0,,,,b,2,Exp16DM07_rep1_saisie,fichier total
Exp16DM07-Rep1-P1,1.0,1.0,1.0,,,,c,2,Exp16DM07_rep1_saisie,fichier total
Exp16DM07-Rep1-P1,5.0,1.0,3.0,1.0,9.0,7.0,a,3,Exp16DM07_rep1_saisie,fichier total
Exp16DM07-Rep1-P1,5.0,1.0,3.0,1.0,9.0,7.0,b,3,Exp16DM07_rep1_saisie,fichier total
Exp16DM07-Rep1-P1,5.0,1.0,3.0,1.0,9.0,7.0,c,3,Exp16DM07_rep1_saisie,fichier total
Exp16DM07-Rep1-P1,7.0,1.0,7.0,1.0,7.0,7.0,a,4,Exp16DM07_rep1_saisie,fichier total
Exp16DM07-Rep1-P1,7.0,1.0,7.0,1.0,7.0,7.0,b,4,Exp16DM07_rep1_saisie,fichier total
Exp16DM07-Rep1-P1,7.0,1.0,7.0,1.0,7.0,7.0,c,4,Exp16DM07_rep1_saisie,fichier total
Exp16DM07-Rep1-P2,9.0,0.0,,1.0,5.0,9.0,a,1,Exp16DM07_rep1_saisie,fichier total
Exp16DM07-Rep1-P2,9.0,0.0,,1.0,5.0,9.0,b,1,Exp16DM07_rep1_saisie,fichier total
Exp16DM07-Rep1-P2,9.0,0.0,,1.0,5.0,9.0,c,1,Exp16DM07_rep1_saisie,fichier total
Exp16DM07-Rep1-P2,7.0,1.0,9.0,1.0,9.0,5.0,a,2,Exp16DM07_rep1_saisie,fichier total
Exp16DM07-Rep1-P2,7.0,1.0,9.0,1.0,9.0,5.0,b,2,Exp16DM07_rep1_saisie,fichier total
Exp16DM07-Rep1-P2,7.0,1.0,9.0,1.0,9.0,5.0,c,2,Exp16DM07_rep1_saisie,fichier total
Exp16DM07-Rep1-P2,5.0,1.0,5.0,,,,a,3,Exp16DM07_rep1_saisie,fichier total
Exp16DM07-Rep1-P2,5.0,1.0,5.0,,,,b,3,Exp16DM07_rep1_saisie,fichier total
Exp16DM07-Rep1-P2,5.0,1.0,5.0,,,,c,3,Exp16DM07_rep1_saisie,fichier total
Exp16DM07-Rep1-P3,3.0,1.0,5.0,,,,a,1,Exp16DM07_rep1_saisie,fichier total
Exp16DM07-Rep1-P3,3.0,1.0,5.0,,,,b,1,Exp16DM07_rep1_saisie,fichier total
Exp16DM07-Rep1-P3,3.0,1.0,5.0,,,,c,1,Exp16DM07_rep1_saisie,fichier total
Exp16DM07-Rep1-P3,5.0,1.0,5.0,,,,a,2,Exp16DM07_rep1_saisie,fichier total
Exp16DM07-Rep1-P3,5.0,1.0,5.0,,,,b,2,Exp16DM07_rep1_saisie,fichier total
Exp16DM07-Rep1-P3,5.0,1.0,5.0,,,,c,2,Exp16DM07_rep1_saisie,fichier total
Exp16DM07-Rep1-P3,7.0,1.0,5.0,1.0,7.0,5.0,a,3,Exp16DM07_rep1_saisie,fichier total
Exp16DM07-Rep1-P3,7.0,1.0,5.0,1.0,7.0,5.0,b,3,Exp16DM07_rep1_saisie,fichier total
Exp16DM07-Rep1-P3,7.0,1.0,5.0,1.0,7.0,5.0,c,3,Exp16DM07_rep1_saisie,fichier total
Exp16DM07-Rep1-P3,7.0,1.0,9.0,1.0,7.0,7.0,a,4,Exp16DM07_rep1_saisie,fichier total
Exp16DM07-Rep1-P3,7.0,1.0,9.0,1.0,7.0,7.0,b,4,Exp16DM07_rep1_saisie,fichier total
Exp16DM07-Rep1-P3,7.0,1.0,9.0,1.0,7.0,7.0,c,4,Exp16DM07_rep1_saisie,fichier total
Exp16DM07-Rep1-P4,9.0,0.0,,1.0,3.0,9.0,a,1,Exp16DM07_rep1_saisie,fichier total
Exp16DM07-Rep1-P4,9.0,,,1.0,3.0,9.0,b,1,Exp16DM07_rep1_saisie,fichier total
Exp16DM07-Rep1-P4,9.0,,,1.0,3.0,9.0,c,1,Exp16DM07_rep1_saisie,fichier total
Exp16DM07-Rep1-P4,7.0,1.0,9.0,1.0,7.0,3.0,a,2,Exp16DM07_rep1_saisie,fichier total
Exp16DM07-Rep1-P4,7.0,1.0,9.0,1.0,7.0,3.0,b,2,Exp16DM07_rep1_saisie,fichier total
Exp16DM07-Rep1-P4,7.0,1.0,9.0,1.0,7.0,3.0,c,2,Exp16DM07_rep1_saisie,fichier total
Exp16DM07-Rep1-P4,7.0,1.0,7.0,,,,a,3,Exp16DM07_rep1_saisie,fichier total
Exp16DM07-Rep1-P4,7.0,1.0,5.0,,,,b,3,Exp16DM07_rep1_saisie,fichier total
Exp16DM07-Rep1-P4,7.0,1.0,7.0,,,,c,3,Exp16DM07_rep1_saisie,fichier total
Exp16DM07-Rep1-P5,3.0,1.0,5.0,,,,a,1,Exp16DM07_rep1_saisie,fichier total
Exp16DM07-Rep1-P5,5.0,1.0,5.0,,,,b,1,Exp16DM07_rep1_saisie,fichier total
Exp16DM07-Rep1-P5,3.0,1.0,5.0,,,,c,1,Exp16DM07_rep1_saisie,fichier total
Exp16DM07-Rep1-P5,1.0,1.0,3.0,,,,a,2,Exp16DM07_rep1_saisie,fichier total
Exp16DM07-Rep1-P5,1.0,1.0,3.0,,,,b,2,Exp16DM07_rep1_saisie,fichier total
Exp16DM07-Rep1-P5,1.0,1.0,3.0,,,,c,2,Exp16DM07_rep1_saisie,fichier total
Exp16DM07-Rep1-P5,5.0,1.0,5.0,1.0,7.0,5.0,a,3,Exp16DM07_rep1_saisie,fichier total
Exp16DM07-Rep1-P5,5.0,1.0,5.0,1.0,7.0,5.0,b,3,Exp16DM07_rep1_saisie,fichier total
Exp16DM07-Rep1-P5,5.0,1.0,5.0,1.0,7.0,5.0,c,3,Exp16DM07_rep1_saisie,fichier total
Exp16DM07-Rep1-P5,7.0,1.0,9.0,1.0,7.0,7.0,a,4,Exp16DM07_rep1_saisie,fichier total
Exp16DM07-Rep1-P5,7.0,1.0,9.0,1.0,7.0,7.0,b,4,Exp16DM07_rep1_saisie,fichier total
Exp16DM07-Rep1-P5,7.0,1.0,9.0,1.0,7.0,7.0,c,4,Exp16DM07_rep1_saisie,fichier total
Exp16DM07-Rep1-P6,9.0,,,1.0,3.0,9.0,a,1,Exp16DM07_rep1_saisie,fichier total
Exp16DM07-Rep1-P6,9.0,,,1.0,3.0,9.0,b,1,Exp16DM07_rep1_saisie,fichier total
Exp16DM07-Rep1-P6,9.0,,,1.0,3.0,9.0,c,1,Exp16DM07_rep1_saisie,fichier total
Exp16DM07-Rep1-P6,7.0,1.0,9.0,,,,a,2,Exp16DM07_rep1_saisie,fichier total
Exp16DM07-Rep1-P6,7.0,1.0,9.0,,,,b,2,Exp16DM07_rep1_saisie,fichier total
Exp16DM07-Rep1-P6,7.0,1.0,9.0,,,,c,2,Exp16DM07_rep1_saisie,fichier total
Exp16DM07-Rep1-P6,5.0,1.0,5.0,,,,a,3,Exp16DM07_rep1_saisie,fichier total
Exp16DM07-Rep1-P6,5.0,1.0,5.0,,,,b,3,Exp16DM07_rep1_saisie,fichier total
Exp16DM07-Rep1-P6,5.0,1.0,5.0,,,,c,3,Exp16DM07_rep1_saisie,fichier total
Exp16DM07-Rep1-P31,5.0,1.0,5.0,,,,a,1,Exp16DM07_rep1_saisie,fichier total
Exp16DM07-Rep1-P31,5.0,1.0,5.0,,,,b,1,Exp16DM07_rep1_saisie,fichier total
Exp16DM07-Rep1-P31,5.0,1.0,5.0,,,,c,1,Exp16DM07_rep1_saisie,fichier total
Exp16DM07-Rep1-P31,1.0,1.0,1.0,,,,a,2,Exp16DM07_rep1_saisie,fichier total
Exp16DM07-Rep1-P31,3.0,1.0,3.0,,,,b,2,Exp16DM07_rep1_saisie,fichier total
Exp16DM07-Rep1-P31,3.0,1.0,3.0,,,,c,2,Exp16DM07_rep1_saisie,fichier total
Exp16DM07-Rep1-P31,3.0,1.0,3.0,,,,a,3,Exp16DM07_rep1_saisie,fichier total
Exp16DM07-Rep1-P31,5.0,1.0,3.0,,,,b,3,Exp16DM07_rep1_saisie,fichier total
Exp16DM07-Rep1-P31,5.0,1.0,3.0,,,,c,3,Exp16DM07_rep1_saisie,fichier total
Exp16DM07-Rep1-P31,5.0,1.0,5.0,,,,a,4,Exp16DM07_rep1_saisie,fichier total
Exp16DM07-Rep1-P31,5.0,1.0,5.0,,,,b,4,Exp16DM07_rep1_saisie,fichier total
Exp16DM07-Rep1-P31,5.0,1.0,5.0,,,,c,4,Exp16DM07_rep1_saisie,fichier total
Exp16DM07-Rep1-P32,5.0,1.0,5.0,,,,a,1,Exp16DM07_rep1_saisie,fichier total
Exp16DM07-Rep1-P32,5.0,1.0,5.0,,,,b,1,Exp16DM07_rep1_saisie,fichier total
Exp16DM07-Rep1-P32,5.0,1.0,5.0,,,,c,1,Exp16DM07_rep1_saisie,fichier total
Exp16DM07-Rep1-P32,3.0,1.0,1.0,,,,a,2,Exp16DM07_rep1_saisie,fichier total
Exp16DM07-Rep1-P32,3.0,1.0,1.0,,,,b,2,Exp16DM07_rep1_saisie,fichier total
Exp16DM07-Rep1-P32,3.0,1.0,1.0,,,,c,2,Exp16DM07_rep1_saisie,fichier total
Exp16DM07-Rep1-P32,5.0,1.0,3.0,1.0,5.0,5.0,a,3,Exp16DM07_rep1_saisie,fichier total
Exp16DM07-Rep1-P32,5.0,1.0,3.0,1.0,5.0,5.0,b,3,Exp16DM07_rep1_saisie,fichier total
Exp16DM07-Rep1-P32,5.0,1.0,3.0,1.0,5.0,5.0,c,3,Exp16DM07_rep1_saisie,fichier total
Exp16DM07-Rep1-P32,3.0,1.0,3.0,,,,a,4,Exp16DM07_rep1_saisie,fichier total
Exp16DM07-Rep1-P32,3.0,1.0,3.0,,,,b,4,Exp16DM07_rep1_saisie,fichier total
Exp16DM07-Rep1-P32,3.0,1.0,3.0,,,,c,4,Exp16DM07_rep1_saisie,fichier total
Exp16DM07-Rep1-P33,5.0,1.0,3.0,,,,a,1,Exp16DM07_rep1_saisie,fichier total
Exp16DM07-Rep1-P33,5.0,1.0,3.0,,,,b,1,Exp16DM07_rep1_saisie,fichier total
Exp16DM07-Rep1-P33,5.0,1.0,3.0,,,,c,1,Exp16DM07_rep1_saisie,fichier total
Exp16DM07-Rep1-P33,5.0,1.0,3.0,,,,a,2,Exp16DM07_rep1_saisie,fichier total
Exp16DM07-Rep1-P33,3.0,1.0,5.0,,,,b,2,Exp16DM07_rep1_saisie,fichier total
Exp16DM07-Rep1-P33,5.0,1.0,3.0,,,,c,2,Exp16DM07_rep1_saisie,fichier total
Exp16DM07-Rep1-P33,1.0,1.0,3.0,,,,a,3,Exp16DM07_rep1_saisie,fichier total
Exp16DM07-Rep1-P33,1.0,1.0,3.0,,,,b,3,Exp16DM07_rep1_saisie,fichier total
Exp16DM07-Rep1-P33,1.0,1.0,3.0,,,,c,3,Exp16DM07_rep1_saisie,fichier total
Exp16DM07-Rep1-P33,1.0,1.0,1.0,,,,a,4,Exp16DM07_rep1_saisie,fichier total
Exp16DM07-Rep1-P33,1.0,1.0,1.0,,,,b,4,Exp16DM07_rep1_saisie,fichier total
Exp16DM07-Rep1-P33,1.0,1.0,1.0,,,,c,4,Exp16DM07_rep1_saisie,fichier total
Exp16DM07-Rep1-P34,3.0,1.0,3.0,,,,a,1,Exp16DM07_rep1_saisie,fichier total
Exp16DM07-Rep1-P34,3.0,1.0,3.0,,,,b,1,Exp16DM07_rep1_saisie,fichier total
Exp16DM07-Rep1-P34,3.0,1.0,3.0,,,,c,1,Exp16DM07_rep1_saisie,fichier total
Exp16DM07-Rep1-P34,5.0,1.0,5.0,1.0,3.0,5.0,a,3,Exp16DM07_rep1_saisie,fichier total
Exp16DM07-Rep1-P34,5.0,1.0,5.0,1.0,3.0,5.0,b,3,Exp16DM07_rep1_saisie,fichier total
Exp16DM07-Rep1-P34,5.0,1.0,5.0,1.0,3.0,5.0,c,3,Exp16DM07_rep1_saisie,fichier total
Exp16DM07-Rep1-P34,3.0,1.0,3.0,,,,a,4,Exp16DM07_rep1_saisie,fichier total
Exp16DM07-Rep1-P34,3.0,1.0,3.0,,,,b,4,Exp16DM07_rep1_saisie,fichier total
Exp16DM07-Rep1-P34,3.0,1.0,3.0,,,,c,4,Exp16DM07_rep1_saisie,fichier total
Exp16DM07-Rep1-P35,3.0,1.0,5.0,,,,a,1,Exp16DM07_rep1_saisie,fichier total
Exp16DM07-Rep1-P35,3.0,1.0,5.0,,,,b,1,Exp16DM07_rep1_saisie,fichier total
Exp16DM07-Rep1-P35,3.0,1.0,5.0,,,,c,1,Exp16DM07_rep1_saisie,fichier total
Exp16DM07-Rep1-P35,3.0,1.0,3.0,,,,a,2,Exp16DM07_rep1_saisie,fichier total
Exp16DM07-Rep1-P35,5.0,1.0,3.0,,,,b,2,Exp16DM07_rep1_saisie,fichier total
Exp16DM07-Rep1-P35,5.0,1.0,3.0,,,,c,2,Exp16DM07_rep1_saisie,fichier total
Exp16DM07-Rep1-P35,5.0,1.0,5.0,,,,a,3,Exp16DM07_rep1_saisie,fichier total
Exp16DM07-Rep1-P35,5.0,1.0,5.0,,,,b,3,Exp16DM07_rep1_saisie,fichier total
Exp16DM07-Rep1-P35,5.0,1.0,5.0,,,,c,3,Exp16DM07_rep1_saisie,fichier total
Exp16DM07-Rep1-P35,5.0,1.0,5.0,1.0,5.0,5.0,a,4,Exp16DM07_rep1_saisie,fichier total
Exp16DM07-Rep1-P35,5.0,1.0,5.0,1.0,5.0,5.0,b,4,Exp16DM07_rep1_saisie,fichier total
Exp16DM07-Rep1-P35,5.0,1.0,5.0,1.0,5.0,5.0,c,4,Exp16DM07_rep1_saisie,fichier total
Exp16DM07-Rep1-P36,5.0,1.0,5.0,,,,a,1,Exp16DM07_rep1_saisie,fichier total
Exp16DM07-Rep1-P36,3.0,1.0,5.0,,,,b,1,Exp16DM07_rep1_saisie,fichier total
Exp16DM07-Rep1-P36,3.0,1.0,5.0,,,,c,1,Exp16DM07_rep1_saisie,fichier total
Exp16DM07-Rep1-P36,5.0,1.0,5.0,,,,a,2,Exp16DM07_rep1_saisie,fichier total
Exp16DM07-Rep1-P36,5.0,1.0,5.0,,,,b,2,Exp16DM07_rep1_saisie,fichier total
Exp16DM07-Rep1-P36,5.0,1.0,5.0,,,,c,2,Exp16DM07_rep1_saisie,fichier total
Exp16DM07-Rep1-P36,3.0,1.0,5.0,,,,a,3,Exp16DM07_rep1_saisie,fichier total
Exp16DM07-Rep1-P36,3.0,1.0,5.0,,,,b,3,Exp16DM07_rep1_saisie,fichier total
Exp16DM07-Rep1-P36,3.0,1.0,5.0,,,,c,3,Exp16DM07_rep1_saisie,fichier total
Exp16DM07-Rep1-P36,3.0,1.0,3.0,,,,a,4,Exp16DM07_rep1_saisie,fichier total
Exp16DM07-Rep1-P36,3.0,1.0,3.0,,,,b,4,Exp16DM07_rep1_saisie,fichier total
Exp16DM07-Rep1-P36,3.0,1.0,3.0,,,,c,4,Exp16DM07_rep1_saisie,fichier total
Exp16DM07-Rep1-P37,3.0,1.0,5.0,,,,a,1,Exp16DM07_rep1_saisie,fichier total
Exp16DM07-Rep1-P37,3.0,1.0,5.0,,,,b,1,Exp16DM07_rep1_saisie,fichier total
Exp16DM07-Rep1-P37,3.0,1.0,5.0,,,,c,1,Exp16DM07_rep1_saisie,fichier total
Exp16DM07-Rep1-P37,3.0,1.0,5.0,,,,a,2,Exp16DM07_rep1_saisie,fichier total
Exp16DM07-Rep1-P37,3.0,1.0,5.0,,,,b,2,Exp16DM07_rep1_saisie,fichier total
Exp16DM07-Rep1-P37,3.0,1.0,5.0,,,,c,2,Exp16DM07_rep1_saisie,fichier total
Exp16DM07-Rep1-P37,1.0,1.0,1.0,,,,a,3,Exp16DM07_rep1_saisie,fichier total
Exp16DM07-Rep1-P37,1.0,1.0,1.0,,,,b,3,Exp16DM07_rep1_saisie,fichier total
Exp16DM07-Rep1-P37,1.0,1.0,1.0,,,,c,3,Exp16DM07_rep1_saisie,fichier total
Exp16DM07-Rep1-P37,5.0,1.0,5.0,,,,a,4,Exp16DM07_rep1_saisie,fichier total
Exp16DM07-Rep1-P37,5.0,1.0,5.0,,,,b,4,Exp16DM07_rep1_saisie,fichier total
Exp16DM07-Rep1-P37,5.0,1.0,5.0,,,,c,4,Exp16DM07_rep1_saisie,fichier total
Exp16DM07-Rep1-P38,5.0,1.0,3.0,,,,a,1,Exp16DM07_rep1_saisie,fichier total
Exp16DM07-Rep1-P38,3.0,1.0,3.0,,,,b,1,Exp16DM07_rep1_saisie,fichier total
Exp16DM07-Rep1-P38,5.0,1.0,3.0,,,,c,1,Exp16DM07_rep1_saisie,fichier total
Exp16DM07-Rep1-P38,1.0,1.0,1.0,,,,a,2,Exp16DM07_rep1_saisie,fichier total
Exp16DM07-Rep1-P38,1.0,1.0,1.0,,,,b,2,Exp16DM07_rep1_saisie,fichier total
Exp16DM07-Rep1-P38,1.0,1.0,1.0,,,,c,2,Exp16DM07_rep1_saisie,fichier total
Exp16DM07-Rep1-P38,1.0,1.0,3.0,,,,a,3,Exp16DM07_rep1_saisie,fichier total
Exp16DM07-Rep1-P38,1.0,1.0,3.0,,,,b,3,Exp16DM07_rep1_saisie,fichier total
Exp16DM07-Rep1-P38,1.0,1.0,3.0,,,,c,3,Exp16DM07_rep1_saisie,fichier total
Exp16DM07-Rep1-P38,5.0,1.0,3.0,,,,a,4,Exp16DM07_rep1_saisie,fichier total
Exp16DM07-Rep1-P38,5.0,1.0,3.0,,,,b,4,Exp16DM07_rep1_saisie,fichier total
Exp16DM07-Rep1-P38,5.0,1.0,3.0,,,,c,4,Exp16DM07_rep1_saisie,fichier total
Exp16DM07-Rep1-P39,5.0,1.0,3.0,,,,a,1,Exp16DM07_rep1_saisie,fichier total
Exp16DM07-Rep1-P39,5.0,1.0,3.0,,,,b,1,Exp16DM07_rep1_saisie,fichier total
Exp16DM07-Rep1-P39,5.0,1.0,3.0,,,,c,1,Exp16DM07_rep1_saisie,fichier total
Exp16DM07-Rep1-P39,3.0,1.0,1.0,,,,a,2,Exp16DM07_rep1_saisie,fichier total
Exp16DM07-Rep1-P39,3.0,1.0,1.0,,,,b,2,Exp16DM07_rep1_saisie,fichier total
Exp16DM07-Rep1-P39,3.0,1.0,1.0,,,,c,2,Exp16DM07_rep1_saisie,fichier total
Exp16DM07-Rep1-P39,7.0,1.0,5.0,,,,a,3,Exp16DM07_rep1_saisie,fichier total
Exp16DM07-Rep1-P39,7.0,1.0,9.0,1.0,7.0,5.0,b,3,Exp16DM07_rep1_saisie,fichier total
Exp16DM07-Rep1-P39,7.0,1.0,5.0,1.0,7.0,5.0,c,3,Exp16DM07_rep1_saisie,fichier total
Exp16DM07-Rep1-P39,5.0,1.0,5.0,1.0,7.0,5.0,a,4,Exp16DM07_rep1_saisie,fichier total
Exp16DM07-Rep1-P39,7.0,1.0,7.0,1.0,7.0,5.0,b,4,Exp16DM07_rep1_saisie,fichier total
Exp16DM07-Rep1-P39,7.0,1.0,7.0,1.0,7.0,5.0,c,4,Exp16DM07_rep1_saisie,fichier total
Exp16DM07-Rep1-P40,3.0,1.0,3.0,,,,a,1,Exp16DM07_rep1_saisie,fichier total
Exp16DM07-Rep1-P40,3.0,1.0,3.0,,,,b,1,Exp16DM07_rep1_saisie,fichier total
Exp16DM07-Rep1-P40,3.0,1.0,3.0,,,,c,1,Exp16DM07_rep1_saisie,fichier total
Exp16DM07-Rep1-P40,3.0,1.0,3.0,,,,a,2,Exp16DM07_rep1_saisie,fichier total
Exp16DM07-Rep1-P40,3.0,1.0,3.0,,,,b,2,Exp16DM07_rep1_saisie,fichier total
Exp16DM07-Rep1-P40,3.0,1.0,3.0,,,,c,2,Exp16DM07_rep1_saisie,fichier total
Exp16DM07-Rep1-P40,3.0,1.0,3.0,,,,a,3,Exp16DM07_rep1_saisie,fichier total
Exp16DM07-Rep1-P40,3.0,1.0,3.0,,,,b,3,Exp16DM07_rep1_saisie,fichier total
Exp16DM07-Rep1-P40,3.0,1.0,3.0,,,,c,3,Exp16DM07_rep1_saisie,fichier total
Exp16DM07-Rep1-P40,5.0,1.0,3.0,,,,a,4,Exp16DM07_rep1_saisie,fichier total
Exp16DM07-Rep1-P40,5.0,1.0,3.0,,,,b,4,Exp16DM07_rep1_saisie,fichier total
Exp16DM07-Rep1-P40,5.0,1.0,3.0,,,,c,4,Exp16DM07_rep1_saisie,fichier total
Exp16DM07-Rep1-P41,5.0,1.0,3.0,1.0,5.0,5.0,a,2,Exp16DM07_rep1_saisie,fichier total
Exp16DM07-Rep1-P41,5.0,1.0,3.0,1.0,5.0,5.0,b,2,Exp16DM07_rep1_saisie,fichier total
Exp16DM07-Rep1-P41,5.0,1.0,3.0,1.0,5.0,5.0,c,2,Exp16DM07_rep1_saisie,fichier total
Exp16DM07-Rep1-P41,5.0,1.0,5.0,1.0,5.0,5.0,a,3,Exp16DM07_rep1_saisie,fichier total
Exp16DM07-Rep1-P41,5.0,1.0,5.0,1.0,5.0,5.0,b,3,Exp16DM07_rep1_saisie,fichier total
Exp16DM07-Rep1-P41,5.0,1.0,5.0,1.0,5.0,5.0,c,3,Exp16DM07_rep1_saisie,fichier total
Exp16DM07-Rep1-P41,3.0,1.0,3.0,,,,a,4,Exp16DM07_rep1_saisie,fichier total
Exp16DM07-Rep1-P41,3.0,1.0,3.0,,,,b,4,Exp16DM07_rep1_saisie,fichier total
Exp16DM07-Rep1-P41,3.0,1.0,3.0,,,,c,4,Exp16DM07_rep1_saisie,fichier total
Exp16DM07-Rep1-P42,5.0,1.0,5.0,,,,a,1,Exp16DM07_rep1_saisie,fichier total
Exp16DM07-Rep1-P42,5.0,1.0,5.0,,,,b,1,Exp16DM07_rep1_saisie,fichier total
Exp16DM07-Rep1-P42,5.0,1.0,5.0,,,,c,1,Exp16DM07_rep1_saisie,fichier total
Exp16DM07-Rep1-P42,3.0,1.0,3.0,,,,a,2,Exp16DM07_rep1_saisie,fichier total
Exp16DM07-Rep1-P42,3.0,1.0,3.0,,,,b,2,Exp16DM07_rep1_saisie,fichier total
Exp16DM07-Rep1-P42,3.0,1.0,3.0,,,,c,2,Exp16DM07_rep1_saisie,fichier total
Exp16DM07-Rep1-P42,5.0,1.0,3.0,,,,a,3,Exp16DM07_rep1_saisie,fichier total
Exp16DM07-Rep1-P42,5.0,1.0,3.0,,,,b,3,Exp16DM07_rep1_saisie,fichier total
Exp16DM07-Rep1-P42,5.0,1.0,3.0,,,,c,3,Exp16DM07_rep1_saisie,fichier total
Exp16DM07-Rep1-P42,3.0,1.0,5.0,,,,a,4,Exp16DM07_rep1_saisie,fichier total
Exp16DM07-Rep1-P42,3.0,1.0,5.0,,,,b,4,Exp16DM07_rep1_saisie,fichier total
Exp16DM07-Rep1-P42,3.0,1.0,5.0,,,,c,4,Exp16DM07_rep1_saisie,fichier total
Exp16DM07-Rep1-P43,5.0,1.0,5.0,1.0,5.0,5.0,a,1,Exp16DM07_rep1_saisie,fichier total
Exp16DM07-Rep1-P43,5.0,1.0,5.0,1.0,5.0,5.0,b,1,Exp16DM07_rep1_saisie,fichier total
Exp16DM07-Rep1-P43,5.0,1.0,5.0,1.0,5.0,5.0,c,1,Exp16DM07_rep1_saisie,fichier total
Exp16DM07-Rep1-P43,3.0,1.0,3.0,,,,a,3,Exp16DM07_rep1_saisie,fichier total
Exp16DM07-Rep1-P43,3.0,1.0,3.0,,,,b,3,Exp16DM07_rep1_saisie,fichier total
Exp16DM07-Rep1-P43,3.0,1.0,3.0,,,,c,3,Exp16DM07_rep1_saisie,fichier total
Exp16DM07-Rep1-P44,5.0,1.0,3.0,,,,a,1,Exp16DM07_rep1_saisie,fichier total
Exp16DM07-Rep1-P44,5.0,1.0,3.0,,,,b,1,Exp16DM07_rep1_saisie,fichier total
Exp16DM07-Rep1-P44,3.0,1.0,3.0,,,,c,1,Exp16DM07_rep1_saisie,fichier total
Exp16DM07-Rep1-P44,3.0,1.0,3.0,,,,a,2,Exp16DM07_rep1_saisie,fichier total
Exp16DM07-Rep1-P44,3.0,1.0,3.0,,,,b,2,Exp16DM07_rep1_saisie,fichier total
Exp16DM07-Rep1-P44,3.0,1.0,3.0,,,,c,2,Exp16DM07_rep1_saisie,fichier total
Exp16DM07-Rep1-P44,5.0,1.0,3.0,,,,a,3,Exp16DM07_rep1_saisie,fichier total
Exp16DM07-Rep1-P44,5.0,1.0,5.0,,,,b,3,Exp16DM07_rep1_saisie,fichier total
Exp16DM07-Rep1-P44,5.0,1.0,3.0,,,,c,3,Exp16DM07_rep1_saisie,fichier total
Exp16DM07-Rep1-P44,5.0,1.0,5.0,1.0,1.0,1.0,a,4,Exp16DM07_rep1_saisie,fichier total
Exp16DM07-Rep1-P44,5.0,1.0,5.0,1.0,1.0,1.0,b,4,Exp16DM07_rep1_saisie,fichier total
Exp16DM07-Rep1-P44,5.0,1.0,5.0,1.0,1.0,1.0,c,4,Exp16DM07_rep1_saisie,fichier total
Exp16DM07-Rep1-P45,3.0,1.0,3.0,,,,a,1,Exp16DM07_rep1_saisie,fichier total
Exp16DM07-Rep1-P45,3.0,1.0,3.0,,,,b,1,Exp16DM07_rep1_saisie,fichier total
Exp16DM07-Rep1-P45,5.0,1.0,3.0,,,,c,1,Exp16DM07_rep1_saisie,fichier total
Exp16DM07-Rep1-P45,3.0,1.0,3.0,,,,a,2,Exp16DM07_rep1_saisie,fichier total
Exp16DM07-Rep1-P45,3.0,1.0,3.0,,,,b,2,Exp16DM07_rep1_saisie,fichier total
Exp16DM07-Rep1-P45,3.0,1.0,3.0,,,,c,2,Exp16DM07_rep1_saisie,fichier total
Exp16DM07-Rep1-P45,7.0,1.0,5.0,1.0,7.0,5.0,a,3,Exp16DM07_rep1_saisie,fichier total
Exp16DM07-Rep1-P45,5.0,1.0,5.0,1.0,3.0,3.0,b,3,Exp16DM07_rep1_saisie,fichier total
Exp16DM07-Rep1-P45,5.0,1.0,5.0,1.0,3.0,3.0,c,3,Exp16DM07_rep1_saisie,fichier total
Exp16DM07-Rep1-P45,3.0,1.0,3.0,,,,a,4,Exp16DM07_rep1_saisie,fichier total
Exp16DM07-Rep1-P45,3.0,1.0,3.0,,,,b,4,Exp16DM07_rep1_saisie,fichier total
Exp16DM07-Rep1-P45,3.0,1.0,3.0,,,,c,4,Exp16DM07_rep1_saisie,fichier total
Exp16DM07-Rep1-P46,5.0,1.0,5.0,,,,a,1,Exp16DM07_rep1_saisie,fichier total
Exp16DM07-Rep1-P46,5.0,1.0,5.0,,,,b,1,Exp16DM07_rep1_saisie,fichier total
Exp16DM07-Rep1-P46,5.0,1.0,5.0,,,,c,1,Exp16DM07_rep1_saisie,fichier total
Exp16DM07-Rep1-P46,3.0,1.0,3.0,,,,a,2,Exp16DM07_rep1_saisie,fichier total
Exp16DM07-Rep1-P46,3.0,1.0,3.0,,,,b,2,Exp16DM07_rep1_saisie,fichier total
Exp16DM07-Rep1-P46,3.0,1.0,3.0,,,,c,2,Exp16DM07_rep1_saisie,fichier total
Exp16DM07-Rep1-P46,7.0,1.0,7.0,1.0,5.0,5.0,a,3,Exp16DM07_rep1_saisie,fichier total
Exp16DM07-Rep1-P46,5.0,1.0,5.0,1.0,5.0,5.0,b,3,Exp16DM07_rep1_saisie,fichier total
Exp16DM07-Rep1-P46,5.0,1.0,5.0,1.0,5.0,5.0,c,3,Exp16DM07_rep1_saisie,fichier total
Exp16DM07-Rep1-P46,5.0,1.0,5.0,,,,a,4,Exp16DM07_rep1_saisie,fichier total
Exp16DM07-Rep1-P46,5.0,1.0,5.0,,,,b,4,Exp16DM07_rep1_saisie,fichier total
Exp16DM07-Rep1-P46,5.0,1.0,5.0,,,,c,4,Exp16DM07_rep1_saisie,fichier total
Exp16DM07-Rep1-P47,5.0,1.0,5.0,,,,a,1,Exp16DM07_rep1_saisie,fichier total
Exp16DM07-Rep1-P47,5.0,1.0,5.0,,,,b,1,Exp16DM07_rep1_saisie,fichier total
Exp16DM07-Rep1-P47,5.0,1.0,5.0,,,,c,1,Exp16DM07_rep1_saisie,fichier total
Exp16DM07-Rep1-P47,5.0,1.0,5.0,,,,a,2,Exp16DM07_rep1_saisie,fichier total
Exp16DM07-Rep1-P47,5.0,1.0,5.0,,,,b,2,Exp16DM07_rep1_saisie,fichier total
Exp16DM07-Rep1-P47,5.0,1.0,5.0,,,,c,2,Exp16DM07_rep1_saisie,fichier total
Exp16DM07-Rep1-P47,3.0,1.0,3.0,,,,a,3,Exp16DM07_rep1_saisie,fichier total
Exp16DM07-Rep1-P47,3.0,1.0,3.0,,,,b,3,Exp16DM07_rep1_saisie,fichier total
Exp16DM07-Rep1-P47,3.0,1.0,3.0,,,,c,3,Exp16DM07_rep1_saisie,fichier total
Exp16DM07-Rep1-P47,3.0,1.0,3.0,,,,a,4,Exp16DM07_rep1_saisie,fichier total
Exp16DM07-Rep1-P47,3.0,1.0,3.0,,,,b,4,Exp16DM07_rep1_saisie,fichier total
Exp16DM07-Rep1-P47,5.0,1.0,3.0,,,,c,4,Exp16DM07_rep1_saisie,fichier total
Exp16DM07-Rep1-P48,3.0,1.0,3.0,,,,a,1,Exp16DM07_rep1_saisie,fichier total
Exp16DM07-Rep1-P48,5.0,1.0,3.0,,,,b,1,Exp16DM07_rep1_saisie,fichier total
Exp16DM07-Rep1-P48,5.0,1.0,3.0,,,,c,1,Exp16DM07_rep1_saisie,fichier total
Exp16DM07-Rep1-P48,5.0,1.0,5.0,,,,a,2,Exp16DM07_rep1_saisie,fichier total
Exp16DM07-Rep1-P48,5.0,1.0,5.0,,,,b,2,Exp16DM07_rep1_saisie,fichier total
Exp16DM07-Rep1-P48,5.0,1.0,5.0,,,,c,2,Exp16DM07_rep1_saisie,fichier total
Exp16DM07-Rep1-P48,5.0,1.0,3.0,,,,a,3,Exp16DM07_rep1_saisie,fichier total
Exp16DM07-Rep1-P48,5.0,1.0,3.0,,,,b,3,Exp16DM07_rep1_saisie,fichier total
Exp16DM07-Rep1-P48,5.0,1.0,3.0,,,,c,3,Exp16DM07_rep1_saisie,fichier total
Exp16DM07-Rep1-P48,3.0,1.0,3.0,,,,a,4,Exp16DM07_rep1_saisie,fichier total
Exp16DM07-Rep1-P48,5.0,1.0,3.0,,,,b,4,Exp16DM07_rep1_saisie,fichier total
Exp16DM07-Rep1-P48,5.0,1.0,3.0,,,,c,4,Exp16DM07_rep1_saisie,fichier total
Exp16DM07-Rep1-P49,3.0,1.0,3.0,,,,a,1,Exp16DM07_rep1_saisie,fichier total
Exp16DM07-Rep1-P49,3.0,1.0,3.0,,,,b,1,Exp16DM07_rep1_saisie,fichier total
Exp16DM07-Rep1-P49,3.0,1.0,3.0,,,,c,1,Exp16DM07_rep1_saisie,fichier total
Exp16DM07-Rep1-P49,3.0,1.0,3.0,,,,a,2,Exp16DM07_rep1_saisie,fichier total
Exp16DM07-Rep1-P49,3.0,1.0,3.0,,,,b,2,Exp16DM07_rep1_saisie,fichier total
Exp16DM07-Rep1-P49,3.0,1.0,3.0,,,,c,2,Exp16DM07_rep1_saisie,fichier total
Exp16DM07-Rep1-P49,3.0,1.0,3.0,,,,a,3,Exp16DM07_rep1_saisie,fichier total
Exp16DM07-Rep1-P49,3.0,1.0,3.0,,,,b,3,Exp16DM07_rep1_saisie,fichier total
Exp16DM07-Rep1-P49,3.0,1.0,3.0,,,,c,3,Exp16DM07_rep1_saisie,fichier total
Exp16DM07-Rep1-P50,5.0,1.0,5.0,,,,a,1,Exp16DM07_rep1_saisie,fichier total
Exp16DM07-Rep1-P50,5.0,1.0,5.0,,,,b,1,Exp16DM07_rep1_saisie,fichier total
Exp16DM07-Rep1-P50,5.0,1.0,5.0,,,,c,1,Exp16DM07_rep1_saisie,fichier total
Exp16DM07-Rep1-P50,5.0,1.0,5.0,1.0,5.0,3.0,a,2,Exp16DM07_rep1_saisie,fichier total
Exp16DM07-Rep1-P50,5.0,1.0,5.0,1.0,5.0,3.0,b,2,Exp16DM07_rep1_saisie,fichier total
Exp16DM07-Rep1-P50,5.0,1.0,5.0,1.0,5.0,3.0,c,2,Exp16DM07_rep1_saisie,fichier total
Exp16DM07-Rep1-P51,5.0,1.0,5.0,1.0,5.0,5.0,a,1,Exp16DM07_rep1_saisie,fichier total
Exp16DM07-Rep1-P51,5.0,1.0,5.0,1.0,5.0,5.0,b,1,Exp16DM07_rep1_saisie,fichier total
Exp16DM07-Rep1-P51,5.0,1.0,5.0,1.0,5.0,5.0,c,1,Exp16DM07_rep1_saisie,fichier total
Exp16DM07-Rep1-P51,5.0,1.0,3.0,,,,a,2,Exp16DM07_rep1_saisie,fichier total
Exp16DM07-Rep1-P51,3.0,1.0,3.0,,,,b,2,Exp16DM07_rep1_saisie,fichier total
Exp16DM07-Rep1-P51,5.0,1.0,3.0,,,,c,2,Exp16DM07_rep1_saisie,fichier total
Exp16DM07-Rep1-P51,5.0,1.0,3.0,,,,a,3,Exp16DM07_rep1_saisie,fichier total
Exp16DM07-Rep1-P51,5.0,1.0,3.0,,,,b,3,Exp16DM07_rep1_saisie,fichier total
Exp16DM07-Rep1-P51,3.0,1.0,3.0,,,,c,3,Exp16DM07_rep1_saisie,fichier total
Exp16DM07-Rep1-P51,5.0,1.0,5.0,,,,a,4,Exp16DM07_rep1_saisie,fichier total
Exp16DM07-Rep1-P51,5.0,1.0,5.0,,,,b,4,Exp16DM07_rep1_saisie,fichier total
Exp16DM07-Rep1-P51,5.0,1.0,3.0,,,,c,4,Exp16DM07_rep1_saisie,fichier total
Exp16DM07-Rep1-P52,5.0,1.0,3.0,1.0,5.0,5.0,a,1,Exp16DM07_rep1_saisie,fichier total
Exp16DM07-Rep1-P52,5.0,1.0,3.0,1.0,5.0,5.0,b,1,Exp16DM07_rep1_saisie,fichier total
Exp16DM07-Rep1-P52,5.0,1.0,3.0,1.0,5.0,5.0,c,1,Exp16DM07_rep1_saisie,fichier total
Exp16DM07-Rep1-P52,5.0,1.0,3.0,,,,a,2,Exp16DM07_rep1_saisie,fichier total
Exp16DM07-Rep1-P52,3.0,1.0,3.0,,,,b,2,Exp16DM07_rep1_saisie,fichier total
Exp16DM07-Rep1-P52,3.0,1.0,3.0,,,,c,2,Exp16DM07_rep1_saisie,fichier total
Exp16DM07-Rep1-P52,7.0,1.0,7.0,1.0,5.0,5.0,a,3,Exp16DM07_rep1_saisie,fichier total
Exp16DM07-Rep1-P52,7.0,1.0,5.0,1.0,7.0,5.0,b,3,Exp16DM07_rep1_saisie,fichier total
Exp16DM07-Rep1-P52,5.0,1.0,5.0,1.0,5.0,5.0,c,3,Exp16DM07_rep1_saisie,fichier total
Exp16DM07-Rep1-P52,5.0,1.0,3.0,,,,a,4,Exp16DM07_rep1_saisie,fichier total
Exp16DM07-Rep1-P52,5.0,1.0,3.0,,,,b,4,Exp16DM07_rep1_saisie,fichier total
Exp16DM07-Rep1-P52,5.0,1.0,5.0,,,,c,4,Exp16DM07_rep1_saisie,fichier total
Exp16DM07-Rep1-P53,5.0,1.0,5.0,,,,a,1,Exp16DM07_rep1_saisie,fichier total
Exp16DM07-Rep1-P53,5.0,1.0,5.0,,,,b,1,Exp16DM07_rep1_saisie,fichier total
Exp16DM07-Rep1-P53,5.0,1.0,5.0,,,,c,1,Exp16DM07_rep1_saisie,fichier total
Exp16DM07-Rep1-P53,5.0,1.0,5.0,1.0,3.0,5.0,a,2,Exp16DM07_rep1_saisie,fichier total
Exp16DM07-Rep1-P53,5.0,1.0,5.0,1.0,3.0,5.0,b,2,Exp16DM07_rep1_saisie,fichier total
Exp16DM07-Rep1-P53,5.0,1.0,5.0,1.0,3.0,5.0,c,2,Exp16DM07_rep1_saisie,fichier total
Exp16DM07-Rep1-P53,5.0,1.0,5.0,,,,a,3,Exp16DM07_rep1_saisie,fichier total
Exp16DM07-Rep1-P53,3.0,1.0,3.0,,,,b,3,Exp16DM07_rep1_saisie,fichier total
Exp16DM07-Rep1-P53,5.0,1.0,5.0,,,,c,3,Exp16DM07_rep1_saisie,fichier total
Exp16DM07-Rep1-P53,5.0,1.0,3.0,,,,a,4,Exp16DM07_rep1_saisie,fichier total
Exp16DM07-Rep1-P53,5.0,1.0,3.0,,,,b,4,Exp16DM07_rep1_saisie,fichier total
Exp16DM07-Rep1-P53,5.0,1.0,3.0,,,,c,4,Exp16DM07_rep1_saisie,fichier total
Exp16DM07-Rep1-P54,5.0,1.0,3.0,,,,a,1,Exp16DM07_rep1_saisie,fichier total
Exp16DM07-Rep1-P54,5.0,1.0,3.0,,,,b,1,Exp16DM07_rep1_saisie,fichier total
Exp16DM07-Rep1-P54,5.0,1.0,3.0,,,,c,1,Exp16DM07_rep1_saisie,fichier total
Exp16DM07-Rep1-P54,5.0,1.0,5.0,,,,a,2,Exp16DM07_rep1_saisie,fichier total
Exp16DM07-Rep1-P54,5.0,1.0,5.0,,,,b,2,Exp16DM07_rep1_saisie,fichier total
Exp16DM07-Rep1-P54,5.0,1.0,5.0,,,,c,2,Exp16DM07_rep1_saisie,fichier total
Exp16DM07-Rep1-P54,5.0,1.0,5.0,,,,a,4,Exp16DM07_rep1_saisie,fichier total
Exp16DM07-Rep1-P54,5.0,1.0,5.0,,,,b,4,Exp16DM07_rep1_saisie,fichier total
Exp16DM07-Rep1-P54,5.0,1.0,5.0,,,,c,4,Exp16DM07_rep1_saisie,fichier total
Exp16DM07-Rep1-P55,5.0,1.0,5.0,,,,a,1,Exp16DM07_rep1_saisie,fichier total
Exp16DM07-Rep1-P55,5.0,1.0,5.0,,,,b,1,Exp16DM07_rep1_saisie,fichier total
Exp16DM07-Rep1-P55,5.0,1.0,5.0,,,,c,1,Exp16DM07_rep1_saisie,fichier total
Exp16DM07-Rep1-P55,5.0,1.0,5.0,1.0,5.0,5.0,a,3,Exp16DM07_rep1_saisie,fichier total
Exp16DM07-Rep1-P55,5.0,1.0,5.0,1.0,5.0,5.0,b,3,Exp16DM07_rep1_saisie,fichier total
Exp16DM07-Rep1-P55,5.0,1.0,5.0,1.0,5.0,5.0,c,3,Exp16DM07_rep1_saisie,fichier total
Exp16DM07-Rep1-P55,5.0,1.0,3.0,,,,a,4,Exp16DM07_rep1_saisie,fichier total
Exp16DM07-Rep1-P55,3.0,1.0,3.0,,,,b,4,Exp16DM07_rep1_saisie,fichier total
Exp16DM07-Rep1-P55,3.0,1.0,3.0,,,,c,4,Exp16DM07_rep1_saisie,fichier total
Exp16DM07-Rep1-P56,7.0,1.0,7.0,,,,a,1,Exp16DM07_rep1_saisie,fichier total
Exp16DM07-Rep1-P56,5.0,1.0,5.0,,,,b,1,Exp16DM07_rep1_saisie,fichier total
Exp16DM07-Rep1-P56,5.0,1.0,5.0,,,,c,1,Exp16DM07_rep1_saisie,fichier total
Exp16DM07-Rep1-P56,5.0,1.0,5.0,,,,a,3,Exp16DM07_rep1_saisie,fichier total
Exp16DM07-Rep1-P56,5.0,1.0,5.0,,,,b,3,Exp16DM07_rep1_saisie,fichier total
Exp16DM07-Rep1-P56,5.0,1.0,5.0,,,,c,3,Exp16DM07_rep1_saisie,fichier total
Exp16DM07-Rep1-P56,1.0,1.0,1.0,,,,a,4,Exp16DM07_rep1_saisie,fichier total
Exp16DM07-Rep1-P56,1.0,1.0,3.0,,,,b,4,Exp16DM07_rep1_saisie,fichier total
Exp16DM07-Rep1-P56,3.0,1.0,3.0,,,,c,4,Exp16DM07_rep1_saisie,fichier total
Exp16DM07-Rep1-P57,5.0,1.0,5.0,,,,a,1,Exp16DM07_rep1_saisie,fichier total
Exp16DM07-Rep1-P57,5.0,1.0,5.0,,,,b,1,Exp16DM07_rep1_saisie,fichier total
Exp16DM07-Rep1-P57,5.0,1.0,5.0,,,,c,1,Exp16DM07_rep1_saisie,fichier total
Exp16DM07-Rep1-P57,5.0,1.0,5.0,,,,a,2,Exp16DM07_rep1_saisie,fichier total
Exp16DM07-Rep1-P57,5.0,1.0,3.0,,,,b,2,Exp16DM07_rep1_saisie,fichier total
Exp16DM07-Rep1-P57,3.0,1.0,3.0,,,,c,2,Exp16DM07_rep1_saisie,fichier total
Exp16DM07-Rep1-P57,5.0,1.0,5.0,,,,a,3,Exp16DM07_rep1_saisie,fichier total
Exp16DM07-Rep1-P57,5.0,1.0,3.0,,,,b,3,Exp16DM07_rep1_saisie,fichier total
Exp16DM07-Rep1-P57,3.0,1.0,3.0,,,,c,3,Exp16DM07_rep1_saisie,fichier total
Exp16DM07-Rep1-P57,5.0,1.0,5.0,,,,a,4,Exp16DM07_rep1_saisie,fichier total
Exp16DM07-Rep1-P57,5.0,1.0,5.0,,,,b,4,Exp16DM07_rep1_saisie,fichier total
Exp16DM07-Rep1-P57,3.0,1.0,3.0,,,,c,4,Exp16DM07_rep1_saisie,fichier total
Exp16DM07-Rep1-P58,5.0,1.0,5.0,,,,a,1,Exp16DM07_rep1_saisie,fichier total
Exp16DM07-Rep1-P58,5.0,1.0,5.0,,,,b,1,Exp16DM07_rep1_saisie,fichier total
Exp16DM07-Rep1-P58,5.0,1.0,5.0,,,,c,1,Exp16DM07_rep1_saisie,fichier total
Exp16DM07-Rep1-P58,5.0,1.0,5.0,,,,a,2,Exp16DM07_rep1_saisie,fichier total
Exp16DM07-Rep1-P58,5.0,1.0,5.0,,,,b,2,Exp16DM07_rep1_saisie,fichier total
Exp16DM07-Rep1-P58,5.0,1.0,5.0,,,,c,2,Exp16DM07_rep1_saisie,fichier total
Exp16DM07-Rep1-P58,3.0,1.0,3.0,,,,a,3,Exp16DM07_rep1_saisie,fichier total
Exp16DM07-Rep1-P58,3.0,1.0,3.0,,,,b,3,Exp16DM07_rep1_saisie,fichier total
Exp16DM07-Rep1-P58,3.0,1.0,3.0,,,,c,3,Exp16DM07_rep1_saisie,fichier total
Exp16DM07-Rep1-P58,5.0,1.0,5.0,,,,a,4,Exp16DM07_rep1_saisie,fichier total
Exp16DM07-Rep1-P58,3.0,1.0,5.0,,,,b,4,Exp16DM07_rep1_saisie,fichier total
Exp16DM07-Rep1-P58,3.0,1.0,5.0,,,,c,4,Exp16DM07_rep1_saisie,fichier total
Exp16DM07-Rep1-P59,5.0,1.0,5.0,,,,a,1,Exp16DM07_rep1_saisie,fichier total
Exp16DM07-Rep1-P59,5.0,1.0,5.0,,,,b,1,Exp16DM07_rep1_saisie,fichier total
Exp16DM07-Rep1-P59,5.0,1.0,5.0,,,,c,1,Exp16DM07_rep1_saisie,fichier total
Exp16DM07-Rep1-P59,5.0,1.0,5.0,1.0,5.0,5.0,a,2,Exp16DM07_rep1_saisie,fichier total
Exp16DM07-Rep1-P59,5.0,1.0,5.0,1.0,5.0,5.0,b,2,Exp16DM07_rep1_saisie,fichier total
Exp16DM07-Rep1-P59,3.0,1.0,5.0,1.0,5.0,5.0,c,2,Exp16DM07_rep1_saisie,fichier total
Exp16DM07-Rep1-P59,5.0,1.0,5.0,,,,a,3,Exp16DM07_rep1_saisie,fichier total
Exp16DM07-Rep1-P59,3.0,1.0,5.0,,,,b,3,Exp16DM07_rep1_saisie,fichier total
Exp16DM07-Rep1-P59,3.0,1.0,5.0,,,,c,3,Exp16DM07_rep1_saisie,fichier total
Exp16DM07-Rep1-P59,5.0,1.0,5.0,,,,a,4,Exp16DM07_rep1_saisie,fichier total
Exp16DM07-Rep1-P59,5.0,1.0,5.0,,,,b,4,Exp16DM07_rep1_saisie,fichier total
Exp16DM07-Rep1-P59,5.0,1.0,5.0,,,,c,4,Exp16DM07_rep1_saisie,fichier total
Exp16DM07-Rep1-P60,5.0,1.0,5.0,,,,a,1,Exp16DM07_rep1_saisie,fichier total
Exp16DM07-Rep1-P60,5.0,1.0,5.0,,,,b,1,Exp16DM07_rep1_saisie,fichier total
Exp16DM07-Rep1-P60,5.0,1.0,5.0,,,,c,1,Exp16DM07_rep1_saisie,fichier total
Exp16DM07-Rep1-P60,5.0,1.0,5.0,,,,a,2,Exp16DM07_rep1_saisie,fichier total
Exp16DM07-Rep1-P60,5.0,1.0,5.0,,,,b,2,Exp16DM07_rep1_saisie,fichier total
Exp16DM07-Rep1-P60,5.0,1.0,5.0,,,,c,2,Exp16DM07_rep1_saisie,fichier total
Exp16DM07-Rep1-P60,3.0,1.0,5.0,,,,a,3,Exp16DM07_rep1_saisie,fichier total
Exp16DM07-Rep1-P60,3.0,1.0,5.0,,,,b,3,Exp16DM07_rep1_saisie,fichier total
Exp16DM07-Rep1-P60,3.0,1.0,5.0,,,,c,3,Exp16DM07_rep1_saisie,fichier total
Exp16DM07-Rep1-P60,5.0,1.0,5.0,,,,a,4,Exp16DM07_rep1_saisie,fichier total
Exp16DM07-Rep1-P60,5.0,1.0,5.0,,,,b,4,Exp16DM07_rep1_saisie,fichier total
Exp16DM07-Rep1-P60,5.0,1.0,5.0,,,,c,4,Exp16DM07_rep1_saisie,fichier total
Exp16DM07-Rep1-P61,3.0,1.0,3.0,,,,a,1,Exp16DM07_rep1_saisie,fichier total
Exp16DM07-Rep1-P61,5.0,1.0,5.0,,,,b,1,Exp16DM07_rep1_saisie,fichier total
Exp16DM07-Rep1-P61,5.0,1.0,5.0,,,,c,1,Exp16DM07_rep1_saisie,fichier total
Exp16DM07-Rep1-P61,5.0,1.0,5.0,,,,a,2,Exp16DM07_rep1_saisie,fichier total
Exp16DM07-Rep1-P61,5.0,1.0,5.0,,,,b,2,Exp16DM07_rep1_saisie,fichier total
Exp16DM07-Rep1-P61,5.0,1.0,5.0,,,,c,2,Exp16DM07_rep1_saisie,fichier total
Exp16DM07-Rep1-P61,5.0,1.0,5.0,,,,a,3,Exp16DM07_rep1_saisie,fichier total
Exp16DM07-Rep1-P61,3.0,1.0,5.0,,,,b,3,Exp16DM07_rep1_saisie,fichier total
Exp16DM07-Rep1-P61,3.0,1.0,5.0,,,,c,3,Exp16DM07_rep1_saisie,fichier total
Exp16DM07-Rep1-P61,3.0,1.0,5.0,,,,a,4,Exp16DM07_rep1_saisie,fichier total
Exp16DM07-Rep1-P61,3.0,1.0,5.0,,,,b,4,Exp16DM07_rep1_saisie,fichier total
Exp16DM07-Rep1-P61,3.0,1.0,5.0,,,,c,4,Exp16DM07_rep1_saisie,fichier total
Exp16DM07-Rep1-P62,5.0,1.0,5.0,,,,a,1,Exp16DM07_rep1_saisie,fichier total
Exp16DM07-Rep1-P62,5.0,1.0,5.0,,,,b,1,Exp16DM07_rep1_saisie,fichier total
Exp16DM07-Rep1-P62,5.0,1.0,5.0,,,,c,1,Exp16DM07_rep1_saisie,fichier total
Exp16DM07-Rep1-P62,5.0,1.0,5.0,,,,a,2,Exp16DM07_rep1_saisie,fichier total
Exp16DM07-Rep1-P62,5.0,1.0,5.0,,,,b,2,Exp16DM07_rep1_saisie,fichier total
Exp16DM07-Rep1-P62,5.0,1.0,5.0,,,,c,2,Exp16DM07_rep1_saisie,fichier total
Exp16DM07-Rep1-P62,5.0,1.0,5.0,,,,a,3,Exp16DM07_rep1_saisie,fichier total
Exp16DM07-Rep1-P62,5.0,1.0,5.0,,,,b,3,Exp16DM07_rep1_saisie,fichier total
Exp16DM07-Rep1-P62,5.0,1.0,5.0,,,,c,3,Exp16DM07_rep1_saisie,fichier total
Exp16DM07-Rep1-P62,5.0,1.0,3.0,,,,a,4,Exp16DM07_rep1_saisie,fichier total
Exp16DM07-Rep1-P62,5.0,1.0,3.0,,,,b,4,Exp16DM07_rep1_saisie,fichier total
Exp16DM07-Rep1-P62,5.0,1.0,3.0,,,,c,4,Exp16DM07_rep1_saisie,fichier total
Exp16DM07-Rep1-P63,5.0,1.0,5.0,,,,a,1,Exp16DM07_rep1_saisie,fichier total
Exp16DM07-Rep1-P63,5.0,1.0,5.0,,,,b,1,Exp16DM07_rep1_saisie,fichier total
Exp16DM07-Rep1-P63,5.0,1.0,5.0,,,,c,1,Exp16DM07_rep1_saisie,fichier total
Exp16DM07-Rep1-P63,5.0,1.0,5.0,,,,a,2,Exp16DM07_rep1_saisie,fichier total
Exp16DM07-Rep1-P63,5.0,1.0,5.0,,,,b,2,Exp16DM07_rep1_saisie,fichier total
Exp16DM07-Rep1-P63,5.0,1.0,5.0,,,,c,2,Exp16DM07_rep1_saisie,fichier total
Exp16DM07-Rep1-P63,5.0,1.0,5.0,,,,a,3,Exp16DM07_rep1_saisie,fichier total
Exp16DM07-Rep1-P63,5.0,1.0,5.0,,,,b,3,Exp16DM07_rep1_saisie,fichier total
Exp16DM07-Rep1-P63,5.0,1.0,5.0,,,,c,3,Exp16DM07_rep1_saisie,fichier total
Exp16DM07-Rep1-P63,3.0,1.0,3.0,,,,a,4,Exp16DM07_rep1_saisie,fichier total
Exp16DM07-Rep1-P63,3.0,1.0,3.0,,,,b,4,Exp16DM07_rep1_saisie,fichier total
Exp16DM07-Rep1-P63,3.0,1.0,3.0,,,,c,4,Exp16DM07_rep1_saisie,fichier total
Exp16DM07-Rep1-P64,5.0,1.0,3.0,,,,a,1,Exp16DM07_rep1_saisie,fichier total
Exp16DM07-Rep1-P64,3.0,1.0,3.0,,,,b,1,Exp16DM07_rep1_saisie,fichier total
Exp16DM07-Rep1-P64,5.0,1.0,3.0,,,,c,1,Exp16DM07_rep1_saisie,fichier total
Exp16DM07-Rep1-P64,5.0,1.0,3.0,,,,a,2,Exp16DM07_rep1_saisie,fichier total
Exp16DM07-Rep1-P64,5.0,1.0,5.0,,,,b,2,Exp16DM07_rep1_saisie,fichier total
Exp16DM07-Rep1-P64,5.0,1.0,5.0,,,,c,2,Exp16DM07_rep1_saisie,fichier total
Exp16DM07-Rep1-P64,7.0,1.0,5.0,,,,a,3,Exp16DM07_rep1_saisie,fichier total
Exp16DM07-Rep1-P64,5.0,1.0,5.0,,,,b,3,Exp16DM07_rep1_saisie,fichier total
Exp16DM07-Rep1-P64,5.0,1.0,5.0,,,,c,3,Exp16DM07_rep1_saisie,fichier total
Exp16DM07-Rep1-P64,5.0,1.0,3.0,,,,a,4,Exp16DM07_rep1_saisie,fichier total
Exp16DM07-Rep1-P64,5.0,1.0,3.0,,,,b,4,Exp16DM07_rep1_saisie,fichier total
Exp16DM07-Rep1-P64,5.0,1.0,3.0,,,,c,4,Exp16DM07_rep1_saisie,fichier total
Exp16DM07-Rep1-P65,5.0,1.0,5.0,,,,a,1,Exp16DM07_rep1_saisie,fichier total
Exp16DM07-Rep1-P65,5.0,1.0,5.0,,,,b,1,Exp16DM07_rep1_saisie,fichier total
Exp16DM07-Rep1-P65,5.0,1.0,5.0,,,,c,1,Exp16DM07_rep1_saisie,fichier total
Exp16DM07-Rep1-P65,5.0,1.0,5.0,,,,a,3,Exp16DM07_rep1_saisie,fichier total
Exp16DM07-Rep1-P65,5.0,1.0,5.0,,,,b,3,Exp16DM07_rep1_saisie,fichier total
Exp16DM07-Rep1-P65,5.0,1.0,5.0,,,,c,3,Exp16DM07_rep1_saisie,fichier total
Exp16DM07-Rep1-P65,7.0,1.0,7.0,,,,a,4,Exp16DM07_rep1_saisie,fichier total
Exp16DM07-Rep1-P65,7.0,1.0,7.0,,,,b,4,Exp16DM07_rep1_saisie,fichier total
Exp16DM07-Rep1-P65,7.0,1.0,7.0,,,,c,4,Exp16DM07_rep1_saisie,fichier total
Exp16DM07-Rep1-P66,7.0,1.0,5.0,1.0,5.0,5.0,a,1,Exp16DM07_rep1_saisie,fichier total
Exp16DM07-Rep1-P66,7.0,1.0,5.0,1.0,5.0,5.0,b,1,Exp16DM07_rep1_saisie,fichier total
Exp16DM07-Rep1-P66,7.0,1.0,5.0,1.0,5.0,5.0,c,1,Exp16DM07_rep1_saisie,fichier total
Exp16DM07-Rep1-P66,5.0,1.0,5.0,,,,a,2,Exp16DM07_rep1_saisie,fichier total
Exp16DM07-Rep1-P66,5.0,1.0,5.0,,,,b,2,Exp16DM07_rep1_saisie,fichier total
Exp16DM07-Rep1-P66,5.0,1.0,5.0,,,,c,2,Exp16DM07_rep1_saisie,fichier total
Exp16DM07-Rep1-P66,7.0,1.0,7.0,1.0,5.0,5.0,a,3,Exp16DM07_rep1_saisie,fichier total
Exp16DM07-Rep1-P66,7.0,1.0,7.0,1.0,5.0,5.0,b,3,Exp16DM07_rep1_saisie,fichier total
Exp16DM07-Rep1-P66,7.0,1.0,7.0,1.0,5.0,5.0,c,3,Exp16DM07_rep1_saisie,fichier total
Exp16DM07-Rep1-P66,5.0,1.0,5.0,,,,a,4,Exp16DM07_rep1_saisie,fichier total
Exp16DM07-Rep1-P66,5.0,1.0,5.0,,,,b,4,Exp16DM07_rep1_saisie,fichier total
Exp16DM07-Rep1-P66,5.0,1.0,5.0,,,,c,4,Exp16DM07_rep1_saisie,fichier total
Exp16DM07-Rep1-P67,3.0,1.0,5.0,,,,a,1,Exp16DM07_rep1_saisie,fichier total
Exp16DM07-Rep1-P67,3.0,1.0,5.0,,,,b,1,Exp16DM07_rep1_saisie,fichier total
Exp16DM07-Rep1-P67,3.0,1.0,5.0,,,,c,1,Exp16DM07_rep1_saisie,fichier total
Exp16DM07-Rep1-P67,5.0,1.0,5.0,1.0,5.0,5.0,a,3,Exp16DM07_rep1_saisie,fichier total
Exp16DM07-Rep1-P67,5.0,1.0,5.0,1.0,5.0,5.0,b,3,Exp16DM07_rep1_saisie,fichier total
Exp16DM07-Rep1-P67,5.0,1.0,5.0,1.0,5.0,5.0,c,3,Exp16DM07_rep1_saisie,fichier total
Exp16DM07-Rep1-P67,3.0,1.0,5.0,,,,a,4,Exp16DM07_rep1_saisie,fichier total
Exp16DM07-Rep1-P67,3.0,1.0,5.0,,,,b,4,Exp16DM07_rep1_saisie,fichier total
Exp16DM07-Rep1-P67,3.0,1.0,5.0,,,,c,4,Exp16DM07_rep1_saisie,fichier total
Exp16DM07-Rep1-P68,5.0,1.0,5.0,1.0,3.0,5.0,a,1,Exp16DM07_rep1_saisie,fichier total
Exp16DM07-Rep1-P68,5.0,1.0,5.0,1.0,3.0,5.0,b,1,Exp16DM07_rep1_saisie,fichier total
Exp16DM07-Rep1-P68,5.0,1.0,5.0,1.0,3.0,5.0,c,1,Exp16DM07_rep1_saisie,fichier total
Exp16DM07-Rep1-P68,5.0,1.0,5.0,1.0,3.0,5.0,a,2,Exp16DM07_rep1_saisie,fichier total
Exp16DM07-Rep1-P68,5.0,1.0,5.0,1.0,3.0,5.0,b,2,Exp16DM07_rep1_saisie,fichier total
Exp16DM07-Rep1-P68,5.0,1.0,5.0,1.0,3.0,5.0,c,2,Exp16DM07_rep1_saisie,fichier total
Exp16DM07-Rep1-P68,5.0,1.0,5.0,,,,a,3,Exp16DM07_rep1_saisie,fichier total
Exp16DM07-Rep1-P68,5.0,1.0,5.0,,,,b,3,Exp16DM07_rep1_saisie,fichier total
Exp16DM07-Rep1-P68,5.0,1.0,5.0,,,,c,3,Exp16DM07_rep1_saisie,fichier total
Exp16DM07-Rep1-P68,7.0,1.0,5.0,,,,a,4,Exp16DM07_rep1_saisie,fichier total
Exp16DM07-Rep1-P68,7.0,1.0,5.0,,,,b,4,Exp16DM07_rep1_saisie,fichier total
Exp16DM07-Rep1-P68,5.0,1.0,5.0,,,,c,4,Exp16DM07_rep1_saisie,fichier total
Exp16DM07-Rep1-P69,5.0,1.0,5.0,,,,a,1,Exp16DM07_rep1_saisie,fichier total
Exp16DM07-Rep1-P69,5.0,1.0,5.0,,,,b,1,Exp16DM07_rep1_saisie,fichier total
Exp16DM07-Rep1-P69,5.0,1.0,5.0,,,,c,1,Exp16DM07_rep1_saisie,fichier total
Exp16DM07-Rep1-P69,7.0,1.0,5.0,,,,a,2,Exp16DM07_rep1_saisie,fichier total
Exp16DM07-Rep1-P69,7.0,1.0,7.0,,,,b,2,Exp16DM07_rep1_saisie,fichier total
Exp16DM07-Rep1-P69,7.0,1.0,7.0,,,,c,2,Exp16DM07_rep1_saisie,fichier total
Exp16DM07-Rep1-P69,5.0,1.0,5.0,,,,a,3,Exp16DM07_rep1_saisie,fichier total
Exp16DM07-Rep1-P69,5.0,1.0,5.0,,,,b,3,Exp16DM07_rep1_saisie,fichier total
Exp16DM07-Rep1-P69,5.0,1.0,5.0,,,,c,3,Exp16DM07_rep1_saisie,fichier total
Exp16DM07-Rep1-P69,5.0,1.0,5.0,,,,a,4,Exp16DM07_rep1_saisie,fichier total
Exp16DM07-Rep1-P69,5.0,1.0,5.0,,,,b,4,Exp16DM07_rep1_saisie,fichier total
Exp16DM07-Rep1-P69,5.0,1.0,5.0,,,,c,4,Exp16DM07_rep1_saisie,fichier total
Exp16DM07-Rep1-P70,5.0,1.0,5.0,,,,a,1,Exp16DM07_rep1_saisie,fichier total
Exp16DM07-Rep1-P70,5.0,1.0,5.0,,,,b,1,Exp16DM07_rep1_saisie,fichier total
Exp16DM07-Rep1-P70,5.0,1.0,5.0,,,,c,1,Exp16DM07_rep1_saisie,fichier total
Exp16DM07-Rep1-P70,3.0,1.0,5.0,,,,a,3,Exp16DM07_rep1_saisie,fichier total
Exp16DM07-Rep1-P70,3.0,1.0,5.0,,,,b,3,Exp16DM07_rep1_saisie,fichier total
Exp16DM07-Rep1-P70,3.0,1.0,5.0,,,,c,3,Exp16DM07_rep1_saisie,fichier total
Exp16DM07-Rep1-P70,3.0,1.0,5.0,,,,a,4,Exp16DM07_rep1_saisie,fichier total
Exp16DM07-Rep1-P70,3.0,1.0,5.0,,,,b,4,Exp16DM07_rep1_saisie,fichier total
Exp16DM07-Rep1-P70,3.0,1.0,5.0,,,,c,4,Exp16DM07_rep1_saisie,fichier total
Exp16DM07-Rep1-P71,5.0,1.0,5.0,,,,a,1,Exp16DM07_rep1_saisie,fichier total
Exp16DM07-Rep1-P71,5.0,1.0,5.0,,,,b,1,Exp16DM07_rep1_saisie,fichier total
Exp16DM07-Rep1-P71,5.0,1.0,5.0,,,,c,1,Exp16DM07_rep1_saisie,fichier total
Exp16DM07-Rep1-P71,5.0,1.0,5.0,,,,a,2,Exp16DM07_rep1_saisie,fichier total
Exp16DM07-Rep1-P71,5.0,1.0,5.0,,,,b,2,Exp16DM07_rep1_saisie,fichier total
Exp16DM07-Rep1-P71,5.0,1.0,5.0,,,,c,2,Exp16DM07_rep1_saisie,fichier total
Exp16DM07-Rep1-P71,5.0,1.0,5.0,1.0,3.0,5.0,a,3,Exp16DM07_rep1_saisie,fichier total
Exp16DM07-Rep1-P71,5.0,1.0,5.0,1.0,3.0,5.0,b,3,Exp16DM07_rep1_saisie,fichier total
Exp16DM07-Rep1-P71,5.0,1.0,5.0,1.0,3.0,5.0,c,3,Exp16DM07_rep1_saisie,fichier total
Exp16DM07-Rep1-P71,5.0,1.0,3.0,,,,a,4,Exp16DM07_rep1_saisie,fichier total
Exp16DM07-Rep1-P71,5.0,1.0,3.0,,,,b,4,Exp16DM07_rep1_saisie,fichier total
Exp16DM07-Rep1-P71,5.0,1.0,3.0,,,,c,4,Exp16DM07_rep1_saisie,fichier total
Exp16DM07-Rep1-P72,3.0,1.0,5.0,,,,a,1,Exp16DM07_rep1_saisie,fichier total
Exp16DM07-Rep1-P72,3.0,1.0,5.0,,,,b,1,Exp16DM07_rep1_saisie,fichier total
Exp16DM07-Rep1-P72,3.0,1.0,5.0,,,,c,1,Exp16DM07_rep1_saisie,fichier total
Exp16DM07-Rep1-P72,5.0,1.0,5.0,1.0,3.0,5.0,a,3,Exp16DM07_rep1_saisie,fichier total
Exp16DM07-Rep1-P72,5.0,1.0,5.0,1.0,3.0,5.0,b,3,Exp16DM07_rep1_saisie,fichier total
Exp16DM07-Rep1-P72,5.0,1.0,5.0,1.0,3.0,5.0,c,3,Exp16DM07_rep1_saisie,fichier total
Exp16DM07-Rep1-P72,5.0,1.0,5.0,1.0,3.0,5.0,a,4,Exp16DM07_rep1_saisie,fichier total
Exp16DM07-Rep1-P72,5.0,1.0,5.0,1.0,3.0,5.0,b,4,Exp16DM07_rep1_saisie,fichier total
Exp16DM07-Rep1-P72,5.0,1.0,5.0,1.0,3.0,5.0,c,4,Exp16DM07_rep1_saisie,fichier total
Exp16DM07-Rep1-P73,5.0,1.0,3.0,,,,a,1,Exp16DM07_rep1_saisie,fichier total
Exp16DM07-Rep1-P73,5.0,1.0,3.0,,,,b,1,Exp16DM07_rep1_saisie,fichier total
Exp16DM07-Rep1-P73,5.0,1.0,3.0,,,,c,1,Exp16DM07_rep1_saisie,fichier total
Exp16DM07-Rep1-P73,3.0,1.0,3.0,,,,a,2,Exp16DM07_rep1_saisie,fichier total
Exp16DM07-Rep1-P73,3.0,1.0,3.0,,,,b,2,Exp16DM07_rep1_saisie,fichier total
Exp16DM07-Rep1-P73,3.0,1.0,3.0,,,,c,2,Exp16DM07_rep1_saisie,fichier total
Exp16DM07-Rep1-P73,3.0,1.0,3.0,,,,a,3,Exp16DM07_rep1_saisie,fichier total
Exp16DM07-Rep1-P73,5.0,1.0,3.0,,,,b,3,Exp16DM07_rep1_saisie,fichier total
Exp16DM07-Rep1-P73,5.0,1.0,3.0,,,,c,3,Exp16DM07_rep1_saisie,fichier total
Exp16DM07-Rep1-P73,5.0,1.0,5.0,,,,a,4,Exp16DM07_rep1_saisie,fichier total
Exp16DM07-Rep1-P73,5.0,1.0,5.0,,,,b,4,Exp16DM07_rep1_saisie,fichier total
Exp16DM07-Rep1-P73,5.0,1.0,5.0,,,,c,4,Exp16DM07_rep1_saisie,fichier total
Exp16DM07-Rep1-P74,7.0,1.0,7.0,1.0,7.0,5.0,a,1,Exp16DM07_rep1_saisie,fichier total
Exp16DM07-Rep1-P74,5.0,1.0,7.0,1.0,7.0,5.0,b,1,Exp16DM07_rep1_saisie,fichier total
Exp16DM07-Rep1-P74,5.0,1.0,5.0,1.0,7.0,5.0,c,1,Exp16DM07_rep1_saisie,fichier total
Exp16DM07-Rep1-P74,5.0,1.0,5.0,,,,a,2,Exp16DM07_rep1_saisie,fichier total
Exp16DM07-Rep1-P74,5.0,1.0,5.0,,,,b,2,Exp16DM07_rep1_saisie,fichier total
Exp16DM07-Rep1-P74,5.0,1.0,5.0,,,,c,2,Exp16DM07_rep1_saisie,fichier total
Exp16DM07-Rep1-P74,5.0,1.0,5.0,1.0,7.0,5.0,a,3,Exp16DM07_rep1_saisie,fichier total
Exp16DM07-Rep1-P74,5.0,1.0,5.0,1.0,7.0,5.0,b,3,Exp16DM07_rep1_saisie,fichier total
Exp16DM07-Rep1-P74,5.0,1.0,5.0,1.0,7.0,5.0,c,3,Exp16DM07_rep1_saisie,fichier total
Exp16DM07-Rep1-P74,5.0,1.0,5.0,,,,a,4,Exp16DM07_rep1_saisie,fichier total
Exp16DM07-Rep1-P74,5.0,1.0,5.0,,,,b,4,Exp16DM07_rep1_saisie,fichier total
Exp16DM07-Rep1-P74,5.0,1.0,5.0,,,,c,4,Exp16DM07_rep1_saisie,fichier total
Exp16DM07-Rep1-P75,5.0,1.0,5.0,,,,a,1,Exp16DM07_rep1_saisie,fichier total
Exp16DM07-Rep1-P75,3.0,1.0,5.0,,,,b,1,Exp16DM07_rep1_saisie,fichier total
Exp16DM07-Rep1-P75,3.0,1.0,5.0,,,,c,1,Exp16DM07_rep1_saisie,fichier total
Exp16DM07-Rep1-P75,5.0,1.0,5.0,,,,a,2,Exp16DM07_rep1_saisie,fichier total
Exp16DM07-Rep1-P75,3.0,1.0,5.0,,,,b,2,Exp16DM07_rep1_saisie,fichier total
Exp16DM07-Rep1-P75,5.0,1.0,3.0,,,,c,2,Exp16DM07_rep1_saisie,fichier total
Exp16DM07-Rep1-P75,5.0,1.0,3.0,,,,a,4,Exp16DM07_rep1_saisie,fichier total
Exp16DM07-Rep1-P75,5.0,1.0,3.0,,,,b,4,Exp16DM07_rep1_saisie,fichier total
Exp16DM07-Rep1-P75,5.0,1.0,7.0,,,,c,4,Exp16DM07_rep1_saisie,fichier total
Exp16DM07-Rep1-P76,5.0,1.0,5.0,,,,a,1,Exp16DM07_rep1_saisie,fichier total
Exp16DM07-Rep1-P76,5.0,1.0,5.0,,,,b,1,Exp16DM07_rep1_saisie,fichier total
Exp16DM07-Rep1-P76,5.0,1.0,5.0,,,,c,1,Exp16DM07_rep1_saisie,fichier total
Exp16DM07-Rep1-P76,1.0,1.0,3.0,,,,a,2,Exp16DM07_rep1_saisie,fichier total
Exp16DM07-Rep1-P76,1.0,1.0,3.0,,,,b,2,Exp16DM07_rep1_saisie,fichier total
Exp16DM07-Rep1-P76,3.0,1.0,5.0,,,,c,2,Exp16DM07_rep1_saisie,fichier total
Exp16DM07-Rep1-P76,5.0,1.0,5.0,,,,a,3,Exp16DM07_rep1_saisie,fichier total
Exp16DM07-Rep1-P76,5.0,1.0,5.0,,,,b,3,Exp16DM07_rep1_saisie,fichier total
Exp16DM07-Rep1-P76,5.0,1.0,5.0,,,,c,3,Exp16DM07_rep1_saisie,fichier total
Exp16DM07-Rep1-P76,5.0,1.0,5.0,,,,a,4,Exp16DM07_rep1_saisie,fichier total
Exp16DM07-Rep1-P76,5.0,1.0,5.0,,,,b,4,Exp16DM07_rep1_saisie,fichier total
Exp16DM07-Rep1-P76,5.0,1.0,5.0,,,,c,4,Exp16DM07_rep1_saisie,fichier total
Exp16DM07-Rep1-P77,5.0,1.0,5.0,,,,a,1,Exp16DM07_rep1_saisie,fichier total
Exp16DM07-Rep1-P77,5.0,1.0,5.0,,,,b,1,Exp16DM07_rep1_saisie,fichier total
Exp16DM07-Rep1-P77,5.0,1.0,5.0,,,,c,1,Exp16DM07_rep1_saisie,fichier total
Exp16DM07-Rep1-P77,5.0,1.0,5.0,,,,a,2,Exp16DM07_rep1_saisie,fichier total
Exp16DM07-Rep1-P77,5.0,1.0,5.0,,,,b,2,Exp16DM07_rep1_saisie,fichier total
Exp16DM07-Rep1-P77,5.0,1.0,5.0,,,,c,2,Exp16DM07_rep1_saisie,fichier total
Exp16DM07-Rep1-P77,5.0,1.0,5.0,,,,a,3,Exp16DM07_rep1_saisie,fichier total
Exp16DM07-Rep1-P77,5.0,1.0,5.0,,,,b,3,Exp16DM07_rep1_saisie,fichier total
Exp16DM07-Rep1-P77,5.0,1.0,5.0,,,,c,3,Exp16DM07_rep1_saisie,fichier total
Exp16DM07-Rep1-P77,3.0,1.0,5.0,,,,a,4,Exp16DM07_rep1_saisie,fichier total
Exp16DM07-Rep1-P77,3.0,1.0,5.0,,,,b,4,Exp16DM07_rep1_saisie,fichier total
Exp16DM07-Rep1-P77,3.0,1.0,5.0,,,,c,4,Exp16DM07_rep1_saisie,fichier total
Exp16DM07-Rep1-P78,5.0,1.0,5.0,1.0,5.0,5.0,a,2,Exp16DM07_rep1_saisie,fichier total
Exp16DM07-Rep1-P78,5.0,1.0,5.0,1.0,5.0,5.0,b,2,Exp16DM07_rep1_saisie,fichier total
Exp16DM07-Rep1-P78,5.0,1.0,5.0,1.0,5.0,5.0,c,2,Exp16DM07_rep1_saisie,fichier total
Exp16DM07-Rep1-P78,5.0,1.0,5.0,,,,a,3,Exp16DM07_rep1_saisie,fichier total
Exp16DM07-Rep1-P78,5.0,1.0,5.0,,,,b,3,Exp16DM07_rep1_saisie,fichier total
Exp16DM07-Rep1-P78,5.0,1.0,5.0,,,,c,3,Exp16DM07_rep1_saisie,fichier total
Exp16DM07-Rep1-P78,5.0,1.0,5.0,,,,a,4,Exp16DM07_rep1_saisie,fichier total
Exp16DM07-Rep1-P78,5.0,1.0,5.0,,,,b,4,Exp16DM07_rep1_saisie,fichier total
Exp16DM07-Rep1-P78,5.0,1.0,5.0,,,,c,4,Exp16DM07_rep1_saisie,fichier total
Exp16DM07-Rep1-P79,5.0,1.0,3.0,,,,a,1,Exp16DM07_rep1_saisie,fichier total
Exp16DM07-Rep1-P79,5.0,1.0,3.0,,,,b,1,Exp16DM07_rep1_saisie,fichier total
Exp16DM07-Rep1-P79,5.0,1.0,3.0,,,,c,1,Exp16DM07_rep1_saisie,fichier total
Exp16DM07-Rep1-P79,5.0,1.0,5.0,,,,a,4,Exp16DM07_rep1_saisie,fichier total
Exp16DM07-Rep1-P79,5.0,1.0,5.0,,,,b,4,Exp16DM07_rep1_saisie,fichier total
Exp16DM07-Rep1-P79,5.0,1.0,5.0,,,,c,4,Exp16DM07_rep1_saisie,fichier total
